h3_9,rel_slope,momentum,trend,n_full,impact_score,impact_rank,dom_station,dom_violation,lat,lon
8960145165bffff,-0.11426049456725337,0.10788096789611568,cooling,51,36.03925357613485,1377,K.S. Layout,WRONG PARKING,12.905907185446605,77.54237563727611
89601458037ffff,-0.05548522145284158,-0.0030440063089725022,stable,43,39.445015856812006,1188,Kamakshipalya,WRONG PARKING,12.990233316393445,77.50482237540984
89601458083ffff,0.08725495036159957,-0.12381852716639297,stable,157,30.18969337381811,1733,Kamakshipalya,NO PARKING,12.986999345202408,77.51928640629518
896014580afffff,-0.17225894926344076,-0.7137956054185681,cooling,76,40.46523984686637,1136,Kamakshipalya,NO PARKING,12.989148937755102,77.50788111020408
896014581cbffff,0.08609517345004412,0.4685237751469755,stable,96,61.60463730958502,370,Kamakshipalya,NO PARKING,12.99003416897192,77.50302626719298
896014581cfffff,0.2421341007720525,0.44756465720371197,rising,173,32.42889013169804,1617,Kamakshipalya,NO PARKING,12.98928359144024,77.50054874062089
89601458293ffff,-0.21349277196290023,-0.43268067374441876,cooling,183,65.9323989190433,301,Rajajinagar,PARKING IN A MAIN ROAD,13.007130044052865,77.52672788458149
8960145829bffff,-0.028896366001996205,-0.8243133101332054,stable,144,85.48796417436166,82,Rajajinagar,NO PARKING,13.008815245054944,77.52677206813188
896014582d3ffff,0.6129375038484494,1.6506512577075751,rising,45,70.49952146558881,250,Rajajinagar,WRONG PARKING,13.01479136779661,77.53019588983051
896014582dbffff,-0.27002956395212174,-0.5256998333980683,cooling,365,76.2199194744206,186,Rajajinagar,WRONG PARKING,13.017430917449664,77.53151173713647
89601458417ffff,0.21602776210799024,0.578946978216029,rising,71,71.14648217498318,239,Vijayanagara,WRONG PARKING,12.975865457142856,77.53120236309525
89601458443ffff,0.02087765696928521,-0.47403851619393034,stable,72,83.88861464776166,96,Kamakshipalya,WRONG PARKING,12.986300766073043,77.53722477917766
8960145844bffff,0.4300416333853814,0.6515767207593597,rising,284,91.0061708828448,32,Vijayanagara,WRONG PARKING,12.988813660811076,77.53758424409979
8960145845bffff,0.30011406350572645,0.3515074730873533,rising,288,91.92837291593156,25,Vijayanagara,WRONG PARKING,12.987672307172296,77.5376342907542
89601458483ffff,-0.48049756653795783,-0.19144255696037127,cooling,114,59.27929766491095,407,Vijayanagara,WRONG PARKING,12.9710482384,77.53686187759999
89601458493ffff,-0.021646962787355627,-0.16818225919702323,stable,520,86.59787112132963,69,Vijayanagara,WRONG PARKING,12.968831515901872,77.53698052327586
89601458497ffff,-0.2592282212297694,-0.4141486086170615,cooling,382,89.6339789094175,45,Vijayanagara,NO PARKING,12.967736758014984,77.53594023499491
8960145849bffff,-0.02929160440091518,0.015893139770880804,stable,596,90.2832861591432,39,Vijayanagara,WRONG PARKING,12.972556655847686,77.53796540887652
896014584c3ffff,-0.11137753486782608,-0.3354055215051337,cooling,40,61.79479347096763,367,Magadi Road,WRONG PARKING,12.979188533333334,77.54027090666666
896014584dbffff,-0.22867914245539972,-0.3778952605585275,cooling,275,88.75232327462355,51,Magadi Road,WRONG PARKING,12.978500272230328,77.54285772143396
89601458507ffff,0.19805249035693775,0.2922437290228175,rising,83,82.33387942001599,120,Jnanabharathi,NO PARKING,12.971444367741936,77.50751578817204
8960145850fffff,-0.31980727551619764,-0.112427415292785,cooling,70,29.665189906217808,1768,Jnanabharathi,NO PARKING,12.973316540243903,77.50857529634146
89601458587ffff,-0.4010577266155538,-0.6845678472519198,cooling,112,45.86147729139204,837,Jnanabharathi,NO PARKING,12.96119338169014,77.51144589788733
89601458597ffff,-0.5033417010553994,-0.6862682299194341,cooling,115,62.83763828773512,350,Jnanabharathi,WRONG PARKING,12.960862080666663,77.51234620199999
89601458627ffff,0.04304471666299614,0.06131069677123313,stable,69,85.89229775413784,79,Rajajinagar,NO PARKING,13.000024870930234,77.52516345465116
8960145862fffff,-0.09352548250856087,-0.5538043893474067,stable,67,82.63795789593883,114,Rajajinagar,PARKING IN A MAIN ROAD,13.00298273116883,77.52602483246753
8960145865bffff,-0.7059906082417462,-0.7903290072498401,cooling,194,33.68039439792073,1530,Rajajinagar,WRONG PARKING,13.008807798832684,77.54309951517509
89601458687ffff,0.7288266227572137,0.7641771744239356,rising,115,83.06703774535904,106,Vijayanagara,WRONG PARKING,12.991867973109244,77.53837125630251
8960145868bffff,0.04389264045409599,-0.024733242730566762,stable,147,86.46865425014657,71,Vijayanagara,WRONG PARKING,12.998000114189187,77.54070180945946
89601458697ffff,0.5589374993468321,0.7594518431262196,rising,51,83.75723585828794,98,Vijayanagara,WRONG PARKING,12.99080884181818,77.5381924490909
896014586c7ffff,0.006465720146256608,-0.22950082084327605,stable,394,83.04074631689738,107,Vijayanagara,WRONG PARKING,12.99887583258427,77.54125309573034
896014586d3ffff,-0.3190861311144366,-0.6555110811047757,cooling,320,87.06651355885681,66,Vijayanagara,WRONG PARKING,12.997949477450836,77.54745500630682
896014586d7ffff,0.11123118508757261,-0.22179587229994102,rising,280,64.01981365322035,325,Vijayanagara,WRONG PARKING,12.997956675842026,77.54378473444459
89601458c53ffff,-0.13384630401942357,0.6121809819859523,cooling,43,48.71242935109034,695,Kamakshipalya,WRONG PARKING,12.985470264716389,77.47972947285714
8960145900fffff,-0.28955949002731757,-0.2301558352695331,cooling,51,46.29540916236469,807,Jalahalli,WRONG PARKING,13.048213491764706,77.54299541294118
8960145904fffff,-0.22124735265575815,-0.6523812769356195,cooling,99,33.98456985360182,1511,Jalahalli,NO PARKING,13.056872517424242,77.547044325
89601459053ffff,0.26571521770172174,0.30285548989185784,rising,161,57.05080792498984,452,Jalahalli,NO PARKING,13.050973403191488,77.5526602005319
8960145912fffff,0.3393290145582619,0.9451591206406418,rising,57,44.88745836176498,881,Peenya,NO PARKING,13.041605801932368,77.51444636328502
8960145913bffff,-0.25502115575325707,-0.5257991678811083,cooling,276,58.42000724824425,425,Peenya,NO PARKING,13.039887400609755,77.51856536920732
89601459347ffff,0.5029633186442602,0.45118332685874263,rising,60,32.03510482648929,1648,Jalahalli,NO PARKING,13.068417613333336,77.53021809333333
8960145939bffff,0.08468971735439886,-0.4613774216216754,stable,70,47.182321430893325,769,Jalahalli,WRONG PARKING,13.05502412638889,77.53485321666666
896014593b3ffff,-0.30589256986613006,-1.0,cooling,236,31.02274132268881,1688,Jalahalli,NO PARKING,13.050488885140563,77.5255347192771
8960145940fffff,0.4643404150960489,0.016175952451231268,rising,140,76.70671589455253,181,Yeshwanthpura,PARKING IN A MAIN ROAD,13.033080171830983,77.55840507957747
89601459477ffff,-0.01694328446863938,0.18089408179817612,stable,88,43.88371784013744,930,Yeshwanthpura,WRONG PARKING,13.03449353256703,77.55731743406687
896014594b7ffff,0.4061837977952244,1.483141146424685,rising,168,44.05962620211361,917,Yeshwanthpura,WRONG PARKING,13.019343595858848,77.55706119872792
896014594d3ffff,-0.04636084300230811,-0.038991279046057925,stable,478,41.48414979305966,1061,Sadashivanagar,WRONG PARKING,13.02823948336414,77.57269405545287
896014594d7ffff,0.7307596636432284,1.5327375324163222,rising,48,52.63245958880021,568,Sadashivanagar,NO PARKING,13.02893358,77.57078830875
8960145950bffff,0.06178044463434894,0.09240617345567825,stable,131,54.92531157938154,513,Yeshwanthpura,NO PARKING,13.027782483333333,77.54211027365591
89601459523ffff,-0.21564939330591695,-0.836585268381033,cooling,79,58.19011242093378,428,Yeshwanthpura,NO PARKING,13.022429058,77.532712388
89601459537ffff,-0.2091940685816819,-0.48912291041449085,cooling,164,48.66419147422684,698,Rajajinagar,WRONG PARKING,13.01976483446602,77.53187313786408
89601459557ffff,0.17882356694263818,0.10233780257900715,rising,176,33.57334657363615,1536,Yeshwanthpura,NO PARKING,13.02718556981982,77.54335788243243
89601459563ffff,-0.03468188269987823,-0.08798147267130774,stable,449,70.63764964710313,248,Yeshwanthpura,WRONG PARKING,13.030634262351628,77.53635987196172
89601459573ffff,-0.31103347447299906,-0.17017228597446699,cooling,204,47.57471089047765,753,Yeshwanthpura,NO PARKING,13.029162813896727,77.53929238837075
8960145969bffff,0.2027337481207912,-0.26260868126139547,rising,102,32.13319707772014,1639,Kodigehalli,WRONG PARKING,13.04742551557377,77.57364345327868
896014598cbffff,-0.4168105796028364,-0.2278593987490497,cooling,99,64.75105009125205,312,Chikkabanavara,WRONG PARKING,13.049524893430656,77.49579273065693
89601459e03ffff,0.3309839348976361,0.14518544284719614,rising,84,27.610116069419654,1868,Chikkabanavara,NO PARKING,13.054692039175258,77.50763482886599
89601459e17ffff,0.3787898851301139,0.7454703646829972,rising,41,35.78436870922072,1397,Chikkabanavara,WRONG PARKING,13.0502403,77.50774353333334
89601459e87ffff,0.2858042614406702,0.8254284106172036,rising,151,41.78288693081796,1039,Chikkabanavara,WRONG PARKING,13.045346224,77.50761126514286
89601459eafffff,-0.44693789345533147,-1.0,cooling,84,22.61814626995059,2256,Peenya,WRONG PARKING,13.047114724539878,77.50098766503068
8960145a037ffff,0.9132509105636253,1.7237949033514175,rising,44,37.28741638490864,1304,Banashankari,WRONG PARKING,12.938465310416667,77.53355723125
8960145a067ffff,-0.16633020364456738,-0.11107135375516108,cooling,40,55.05662918761294,506,Byatarayanapura,NO PARKING,12.948471354545456,77.53550988636363
8960145a06bffff,-0.03781105853573806,-0.019284304680283415,stable,516,53.22028521835094,553,Byatarayanapura,NO PARKING,12.952223136612638,77.5408559773533
8960145a0afffff,-0.5981715210870674,-0.7820977995176757,cooling,185,4.741188809157356,2534,Banashankari,NO PARKING,12.934984619917012,77.53650087053943
8960145a10fffff,-0.03875742332937444,0.2776622161449245,stable,50,59.57283080410537,401,Byatarayanapura,WRONG PARKING,12.93649748888889,77.51906685
8960145a133ffff,0.2509494172502885,0.10713802398936911,rising,96,71.92345562950237,224,Kengeri,NO PARKING,12.931902331848914,77.51565859203161
8960145a13bffff,0.16819559925534125,0.2970571521811167,rising,260,56.27518735207055,469,Byatarayanapura,WRONG PARKING,12.935794173665482,77.51780428896797
8960145a147ffff,-0.3411034409934844,-0.4392053125501675,cooling,164,60.90799215500007,380,Byatarayanapura,WRONG PARKING,12.940284742307693,77.52437749175824
8960145a14bffff,0.15620843817452615,-0.14329821181542002,rising,84,35.29941905052959,1428,Byatarayanapura,NO PARKING,12.944608847727272,77.52726449886364
8960145a177ffff,0.31931165986521987,0.20004616213722803,rising,56,50.60218667235098,624,Byatarayanapura,WRONG PARKING,12.936605531034482,77.51780510517241
8960145a20bffff,0.0883548279485034,0.1730120176451717,stable,67,20.045495589159444,2456,Magadi Road,NO PARKING,12.966643867105264,77.547861225
8960145a21bffff,0.18520586223552332,0.40748471244634565,rising,165,34.272298185188845,1488,Magadi Road,NO PARKING,12.964273111111112,77.55109985
8960145a223ffff,-0.29504890730953715,-0.8216002276171253,cooling,1048,70.28937082590156,251,Vijayanagara,WRONG PARKING,12.96477296188328,77.53916058436053
8960145a22fffff,-0.22702154148701284,-0.4092893426302019,cooling,556,78.09641142403201,166,Vijayanagara,WRONG PARKING,12.965393336614648,77.53743660434021
8960145a23bffff,0.37296915413840465,0.023220648551027567,rising,125,18.869331066207387,2474,Vijayanagara,NO PARKING,12.96431375915493,77.54249559295775
8960145a24bffff,0.09568541059088981,-0.11336549924005579,stable,294,83.99861288109581,95,Magadi Road,NO PARKING,12.97439966153154,77.55202260575246
8960145a24fffff,-0.06197093851391145,-0.022405907283147952,stable,2047,90.56910015680208,37,Magadi Road,NO PARKING,12.973552326849342,77.55094984768456
8960145a26bffff,-0.2541362064988321,-0.3324913456153644,cooling,3040,72.84278891316885,214,Vijayanagara,WRONG PARKING,12.974340195346292,77.54519293219272
8960145a26fffff,0.47712251925401133,0.8371783384947951,rising,54,80.59701361716834,134,Vijayanagara,WRONG PARKING,12.973659886956522,77.5411807942029
8960145a273ffff,0.1456795774112457,0.5493358782941165,rising,212,38.09907940998048,1260,Vijayanagara,NO PARKING,12.969342919753084,77.54574511893004
8960145a27bffff,-0.3240704666172441,-0.21830766023864112,cooling,275,69.19373010849168,262,Vijayanagara,NO PARKING,12.97190718076923,77.54691239871795
8960145a29bffff,0.5503010355870023,1.237847291913349,rising,48,54.4609894996192,521,Chamarajpet,WRONG PARKING,12.958240875,77.55481578653846
8960145a2b3ffff,0.09704181553142115,-0.09311159855237139,stable,51,52.82644850026269,562,Byatarayanapura,NO PARKING,12.95539795358008,77.54573248615736
8960145a2b7ffff,-0.15697104990296945,-0.2543877334068796,cooling,825,85.33621674119053,84,Byatarayanapura,WRONG PARKING,12.953657606419272,77.54299094206667
8960145a2bbffff,-0.04615649191054567,0.109481104010275,stable,63,71.61464993933627,228,Byatarayanapura,NO PARKING,12.955963246969697,77.54635768787878
8960145a2c3ffff,0.0851495212482337,-0.255970984745859,stable,229,48.947169751576745,687,Magadi Road,NO PARKING,12.964265021153846,77.55568736000001
8960145a2cfffff,-0.0587123218611225,0.007005200925797261,stable,236,53.52331469793954,543,Magadi Road,NO PARKING,12.964509500795756,77.55440459973475
8960145a2d3ffff,0.16242590654894992,0.7187194095867431,rising,57,40.25382687529589,1145,Chamarajpet,NO PARKING,12.961240259322034,77.55912286610169
8960145a2d7ffff,0.2961872489606038,1.0873156354366365,rising,41,43.60048250233507,948,Chamarajpet,PARKING IN A MAIN ROAD,12.959844241860466,77.55602246511627
8960145a30bffff,0.007734686386713402,-1.0,stable,556,53.07032958645821,556,Byatarayanapura,WRONG PARKING,12.960905131565516,77.52790445466232
8960145a323ffff,0.2693175514654649,0.779031615232884,rising,236,71.05140332074322,240,Byatarayanapura,WRONG PARKING,12.956629028134556,77.51869653027524
8960145a32bffff,-0.20515204948882365,-0.1992067372551546,cooling,185,76.04107830761649,187,Byatarayanapura,PARKING IN A MAIN ROAD,12.958434106282724,77.51905571623037
8960145a357ffff,0.10011875582957622,-1.0,rising,238,72.14541950355843,223,Byatarayanapura,WRONG PARKING,12.960585683680556,77.52928558090278
8960145a35bffff,0.005452793282163821,0.3310861630207673,stable,226,80.13251111896274,146,Vijayanagara,NO PARKING,12.966079725451612,77.53492670887097
8960145a393ffff,-0.5315298776390835,-0.4428842029615262,cooling,57,73.2027316421024,212,Byatarayanapura,PARKING IN A MAIN ROAD,12.947519518421052,77.53351687105264
8960145a397ffff,0.10264866158229233,0.4315112472918823,rising,40,46.3276835360354,805,Byatarayanapura,WRONG PARKING,12.945838493023254,77.52975975813953
8960145a3a3ffff,-0.2481388336076489,-0.4954099686662924,cooling,80,62.914554953133326,347,Byatarayanapura,PARKING IN A MAIN ROAD,12.949603454999998,77.52276617999999
8960145a3afffff,-0.34806774597483364,-0.8996562880937258,cooling,46,59.26664465065844,409,Byatarayanapura,PARKING IN A MAIN ROAD,12.951229713043478,77.5212830326087
8960145a423ffff,-0.24903967830844267,0.27879817048977906,cooling,208,82.93984287511952,109,Banashankari,NO PARKING,12.92674128885449,77.550806150774
8960145a5b7ffff,0.36976161936218754,1.1536567932249526,rising,41,46.76829245918231,785,K.S. Layout,PARKING IN A MAIN ROAD,12.907779326303014,77.53291769391176
8960145a613ffff,-0.384475173403147,-0.005262484160156511,cooling,44,63.50193509680168,332,Basavanagudi,WRONG PARKING,12.946368564814817,77.56722612777777
8960145a64bffff,0.9350968407411792,1.8507394334200624,rising,59,82.3433003245482,119,V.V.Puram (C.Pet),NO PARKING,12.958832751780474,77.57001677721031
8960145a64fffff,-0.24911110618397472,0.04163676653219617,cooling,50,81.33191318012915,125,Chamarajpet,WRONG PARKING,12.958029397560976,77.56726194959349
8960145a653ffff,0.611840286148802,0.20905089967511037,rising,46,32.149300463269896,1637,V.V.Puram (C.Pet),NO PARKING,12.954003627659576,77.5717715680851
8960145a687ffff,0.23367895663223606,0.5049791569926321,rising,123,21.81278707159427,2324,Basavanagudi,NO PARKING,12.940686479659645,77.56649964979529
8960145a68bffff,0.07587144790001893,0.18236031223034543,stable,96,62.398931976096186,361,Basavanagudi,WRONG PARKING,12.944228656171468,77.57066273028778
8960145a68fffff,0.16803261968923533,0.3962688054391701,rising,122,19.05140936298332,2468,Basavanagudi,NO PARKING,12.94248971561536,77.5674905575165
8960145a69bffff,0.060751092832913973,-0.11665730117232087,stable,823,84.66941876209496,89,Basavanagudi,WRONG PARKING,12.942944573680595,77.57120060118481
8960145a6c3ffff,0.6195628589753983,0.24141792263102269,rising,48,38.79496097172004,1226,V.V.Puram (C.Pet),NO PARKING,12.948683071153848,77.57263325576923
8960145a6c7ffff,-0.612287412889133,-0.595388838653597,cooling,55,87.21584192206555,62,Basavanagudi,NO PARKING,12.946263483883753,77.57033531978288
8960145a6d7ffff,-0.08939611097326369,-0.36224394364838386,stable,640,80.51804485766155,139,Basavanagudi,NO PARKING,12.944997488338773,77.571519570823
8960145a6dbffff,0.28630683738452184,0.4623420879967812,rising,75,51.00704324137402,613,V.V.Puram (C.Pet),NO PARKING,12.9493440129268,77.57640638030615
8960145a8d7ffff,-0.30605243524101805,-0.6430790754827771,cooling,51,33.33509257086205,1556,Jnanabharathi,NO PARKING,12.938091040384617,77.49277887692307
8960145ae4bffff,-0.43350822453440213,-0.7123471625206925,cooling,156,32.71814995894303,1604,Jnanabharathi,NO PARKING,12.960906574594594,77.51143013513513
8960145b003ffff,0.3673928723546327,0.5511911243402685,rising,103,27.746608040980835,1863,Sheshadripuram,NO PARKING,12.9930678288,77.5735298344
8960145b007ffff,-0.06973475903839078,-0.20619114951998063,stable,276,42.09394087148706,1023,Malleshwaram,NO PARKING,12.992725903361343,77.57139074005602
8960145b00fffff,-0.039484522976830305,-0.4596248107375597,stable,773,38.58277585292998,1234,Malleshwaram,WRONG PARKING,12.995415688308976,77.57142310835074
8960145b013ffff,-0.1165239729267699,-0.2609308270700976,cooling,72,35.594342183852845,1411,Sheshadripuram,NO PARKING,12.99126196067416,77.57488671235956
8960145b017ffff,0.2502767689969115,0.622609307831965,rising,578,31.339606824748188,1673,Sheshadripuram,NO PARKING,12.990097821493904,77.57302709832317
8960145b02fffff,0.22809092896974945,0.05568941328663102,rising,394,36.72797789791142,1336,Sheshadripuram,NO PARKING,12.996311709836066,77.56315100255009
8960145b053ffff,0.45938874039974875,0.8168665346261614,rising,135,22.23099043175289,2292,Sheshadripuram,NO PARKING,12.9982365,77.58169909109589
8960145b063ffff,0.2088524779750342,-0.014989855971480393,rising,582,47.674049783702046,746,Malleshwaram,WRONG PARKING,13.000876849118043,77.5702102835821
8960145b06bffff,-0.19104027052772768,-0.5143265929658165,cooling,463,36.13948885325637,1370,Malleshwaram,WRONG PARKING,13.00501531923077,77.57047716050296
8960145b073ffff,0.013859611667763928,-0.05157492344508208,stable,1101,44.31720930954114,906,Malleshwaram,WRONG PARKING,12.999281848348849,77.57135354015199
8960145b077ffff,0.12992512520128532,-0.0861943600069569,rising,668,49.58684993305258,654,Malleshwaram,WRONG PARKING,12.99831644834356,77.56917783595092
8960145b07bffff,-0.019524637334706618,0.32194593907737046,stable,115,43.70420946104862,936,Malleshwaram,WRONG PARKING,13.001685986956522,77.57134412236026
8960145b087ffff,0.00789143606815675,0.0028504341445982906,stable,159,28.35621583553141,1829,Sheshadripuram,NO PARKING,12.985724243877552,77.5745742755102
8960145b08bffff,0.01461707936110846,-0.3960081354621545,stable,49,87.15633508396853,63,Sheshadripuram,NO PARKING,12.988625816923076,77.57789077999999
8960145b08fffff,-0.05759167182609215,0.3329692434562024,stable,290,48.622240811665925,703,Sheshadripuram,NO PARKING,12.98776223627204,77.57508167783375
8960145b097ffff,-0.17704878582457062,-0.1404483520290618,cooling,290,77.42160240210666,170,High ground,NO PARKING,12.98368219267794,77.57752282212485
8960145b09bffff,-0.26545062275419196,-0.09935171715024371,cooling,211,90.79123350265073,35,High ground,NO PARKING,12.987060974206347,77.5802997920635
8960145b0bbffff,0.08784577578048013,0.18756515135575214,stable,100,26.336413810938183,1911,Sheshadripuram,WRONG PARKING,12.98796923364486,77.57251905981309
8960145b0cbffff,-0.2524083647437834,0.07923281720352904,cooling,235,94.96697719532428,6,Sheshadripuram,NO PARKING,12.99665782871287,77.58414179207921
8960145b103ffff,-0.05041201913707852,-0.2542847475450839,stable,560,80.4099095399487,140,Rajajinagar,NO PARKING,12.985561885106382,77.55318349650456
8960145b107ffff,-0.18244569477651415,0.3889253766131091,cooling,152,74.16762688466883,200,Magadi Road,WRONG PARKING,12.984680355162912,77.54917162171171
8960145b10bffff,-0.011011513540666545,-0.18385833088518322,stable,320,29.07939116197316,1799,Rajajinagar,WRONG PARKING,12.989773791484716,77.55323129606987
8960145b10fffff,-0.04708065812365428,-0.2482792917936164,stable,443,87.141864718616,64,Vijayanagara,WRONG PARKING,12.988468948127688,77.55017622673401
8960145b113ffff,0.09362403596552454,-0.19670122725163652,stable,329,89.41864880751453,47,Rajajinagar,WRONG PARKING,12.984847421247474,77.55450062882784
8960145b11bffff,0.10491806184685122,-0.17911841393474126,rising,305,63.858771071818,329,Rajajinagar,WRONG PARKING,12.98686924249364,77.55556488015267
8960145b143ffff,-0.5067430162806048,-0.9081101411796667,cooling,51,48.60557104850979,705,Rajajinagar,WRONG PARKING,12.99257217734375,77.55755571640626
8960145b147ffff,0.10566372452363029,-0.0031648588136322653,rising,816,22.04333207880164,2298,Rajajinagar,WRONG PARKING,12.992857678644526,77.5534687888971
8960145b14bffff,0.5876533008914614,1.624911606128693,rising,45,74.1850237972705,199,Malleshwaram,WRONG PARKING,12.998101822916666,77.55809398333334
8960145b14fffff,-0.15841400248521426,0.024791788695733175,cooling,220,72.61225466413241,219,Rajajinagar,WRONG PARKING,12.994778691942471,77.55455738306604
8960145b157ffff,0.13220663915477754,0.08932495079650593,rising,93,61.90883993590767,366,Rajajinagar,WRONG PARKING,12.990080394904458,77.55617385541402
8960145b16bffff,0.04384406836769179,-0.10669408336790887,stable,1604,93.24376385776633,15,Vijayanagara,WRONG PARKING,12.997517550868926,77.54900010240515
8960145b16fffff,0.30665495195829445,0.24468918051577626,rising,78,80.95057524738489,130,Vijayanagara,WRONG PARKING,12.997282609195402,77.54613291264367
8960145b173ffff,-0.07360985686845439,-0.455524162983016,stable,203,56.54049242889174,465,Rajajinagar,WRONG PARKING,12.990466755909091,77.55104558227272
8960145b17bffff,0.5650169161145479,0.974292901581814,rising,243,33.32971117743663,1557,Rajajinagar,WRONG PARKING,12.994658271731447,77.55211346537102
8960145b187ffff,-0.13428602779031562,-0.24076206634707598,cooling,46,83.48494331866931,101,Magadi Road,WRONG PARKING,12.977854930508474,77.55312101355933
8960145b18bffff,0.20267123963704753,0.3170552187755096,rising,290,70.0609410372628,255,Magadi Road,NO PARKING,12.980725333998278,77.55818061116426
8960145b18fffff,0.0066405628820025145,0.02940512851153043,stable,228,80.38019476592646,141,Magadi Road,NO PARKING,12.97998700376429,77.55448012234746
8960145b193ffff,0.10245114816378939,0.355748437550794,rising,699,41.8206381631805,1037,Magadi Road,NO PARKING,12.975748328327574,77.55921603162501
8960145b197ffff,0.24747622178245157,0.5053062285770669,rising,90,53.20920237472247,554,Magadi Road,NO PARKING,12.975617824829424,77.55650761673978
8960145b1a3ffff,0.13557614789685102,0.14317960997337642,rising,74,60.28076627557753,394,Magadi Road,WRONG PARKING,12.97846049390244,77.54878543414634
8960145b1a7ffff,0.037499643932243185,0.057331695149441586,stable,452,82.31957876761336,121,Vijayanagara,NO PARKING,12.977170931692912,77.54524989232283
8960145b1abffff,0.7657818057905504,1.7940713695368555,rising,340,68.1693336885045,272,Magadi Road,WRONG PARKING,12.982014916666667,77.54891587412935
8960145b1b7ffff,0.0850913997140066,0.40187402217217305,stable,995,77.17873194657713,175,Vijayanagara,WRONG PARKING,12.974564867906684,77.54731902390996
8960145b1c3ffff,-0.8199649154946433,-0.8811315133533809,cooling,117,85.31567284619821,85,Rajajinagar,WRONG PARKING,12.985772131967211,77.56008827622951
8960145b1c7ffff,0.41093690241939923,0.9352116796080194,rising,50,39.028600241242735,1209,Rajajinagar,WRONG PARKING,12.984825310526316,77.55697291052633
8960145b1cfffff,-0.32503300549944913,-0.3739003934848809,cooling,49,57.12119208079544,450,Rajajinagar,WRONG PARKING,12.988253817910447,77.55923089552239
8960145b1d3ffff,0.08828606019523048,-0.038064606920831356,stable,89,86.07301520379472,77,Sheshadripuram,NO PARKING,12.982541925747736,77.56315995515342
8960145b1d7ffff,-0.046612361931189186,-0.21446199575116287,stable,180,85.88697532420262,80,Rajajinagar,WRONG PARKING,12.983545141121494,77.5602631593458
8960145b24fffff,0.13484955115653788,-0.5534037982310582,rising,75,31.610916421163715,1664,Kodigehalli,WRONG PARKING,13.026752813981544,77.57982568112949
8960145b253ffff,0.09073321595391612,0.18972130246115348,stable,43,79.19209127979944,157,R.T. Nagar,WRONG PARKING,13.02169505277989,77.58440349519222
8960145b25bffff,-0.006701889052779729,-0.2844906860606635,stable,327,43.35678250790888,961,R.T. Nagar,WRONG PARKING,13.023991670472634,77.5850249820052
8960145b26bffff,0.11637831344481912,-0.010857408329854157,rising,238,47.4429825485555,759,Sadashivanagar,WRONG PARKING,13.02769395116279,77.5749465996124
8960145b287ffff,-0.12372700547830917,0.166275727385236,cooling,138,58.68043220705653,420,Sadashivanagar,NO PARKING,13.007130288554215,77.57910183975903
8960145b297ffff,0.38231558777152624,0.8829821746696496,rising,42,66.3515121152527,293,Sadashivanagar,NO PARKING,13.005502963636363,77.58081425818182
8960145b2a7ffff,-0.04282146208226181,-0.18457319373797065,stable,1947,40.785796994617456,1109,Malleshwaram,WRONG PARKING,13.007392507566053,77.57106422201761
8960145b303ffff,-0.4081070177356435,-0.47474673944885304,cooling,510,62.39830977502906,362,Malleshwaram,WRONG PARKING,13.00838533139746,77.55611066479129
8960145b307ffff,0.22738674913675141,0.4712511574516336,rising,1861,78.85297301623828,160,Malleshwaram,WRONG PARKING,13.00844448062599,77.55470298613312
8960145b30fffff,0.10608342950719789,0.15259329697355462,rising,1843,43.16965658186284,969,Malleshwaram,WRONG PARKING,13.01118828873457,77.55450148680556
8960145b323ffff,0.2984223323745641,0.40460290562352563,rising,713,96.35454113472174,3,Rajajinagar,WRONG PARKING,13.00819037873444,77.54859851639004
8960145b32bffff,0.17740723850497508,0.3060801455722848,rising,403,89.86579138590821,43,Malleshwaram,WRONG PARKING,13.010832472013094,77.55032603256956
8960145b337ffff,-0.30185269276322707,-0.287588031685167,cooling,156,67.97574969582726,275,Rajajinagar,WRONG PARKING,13.006315693276893,77.54863795210207
8960145b34fffff,0.04764457994915325,0.5251715053932817,stable,164,43.96809213153771,924,Yeshwanthpura,NO PARKING,13.018520725568749,77.55829451776854
8960145b367ffff,0.3458151136108237,0.5012007410958081,rising,75,42.18791362992346,1016,Rajajinagar,WRONG PARKING,13.015843003846154,77.55005235128205
8960145b36bffff,0.2688506342405055,0.5588205068184469,rising,50,29.19014255398996,1791,Yeshwanthpura,WRONG PARKING,13.018985676923077,77.55331440307693
8960145b373ffff,0.1446021171123867,0.29842702541921584,rising,699,65.24067532189346,306,Malleshwaram,WRONG PARKING,13.013338014220183,77.55465504412267
8960145b377ffff,0.16632720536164827,0.11333262661220722,rising,1626,40.794655286495946,1108,Malleshwaram,WRONG PARKING,13.01211285543227,77.55265923509015
8960145b397ffff,-0.06024791506773867,0.061290047276322035,stable,54,51.87213770772173,588,Malleshwaram,WRONG PARKING,12.99728094057971,77.56025344927536
8960145b3a3ffff,-0.7828100444382037,-1.0,cooling,78,83.69519857713048,99,Malleshwaram,WRONG PARKING,13.000506923595506,77.55280597977527
8960145b3a7ffff,-0.15546292950766252,-0.2450661402119546,cooling,3214,92.4277206469648,22,Rajajinagar,WRONG PARKING,12.999719557605784,77.54972175243967
8960145b3abffff,-0.058297507088671305,-0.36832083358129675,stable,243,61.43647013058414,374,Malleshwaram,WRONG PARKING,13.00393054400513,77.55349527175397
8960145b3afffff,-0.23640953666232908,-0.13907118308604616,cooling,584,91.51792837508174,26,Malleshwaram,WRONG PARKING,13.002851512698411,77.55010605621693
8960145b3b3ffff,0.34292558434191306,1.1994094388298242,rising,50,81.11623137200124,129,Malleshwaram,WRONG PARKING,12.998581543076922,77.55544920461537
8960145b3b7ffff,0.018751205674637724,0.3695172318493176,stable,1070,94.49538910915444,8,Malleshwaram,WRONG PARKING,12.998290824767691,77.5525136037809
8960145b3d3ffff,-0.15176710147033415,-0.4040256212726553,cooling,555,26.276383063151982,1915,Malleshwaram,NO PARKING,13.00563782310757,77.56878812456839
8960145b3dbffff,-0.22189431761774134,-0.7389235079211521,cooling,100,42.79516253883012,984,Malleshwaram,WRONG PARKING,13.008668949586776,77.56924733305786
8960145b403ffff,0.16161944749557494,0.8848148428609817,rising,184,51.07770971191066,608,Cubbon Park,NO PARKING,12.977805149382716,77.59092346831277
8960145b407ffff,-0.035777438956138864,-0.005987603748260351,stable,74,67.82982887150789,279,Cubbon Park,NO PARKING,12.97701690620155,77.58844377131783
8960145b40fffff,-0.2358015127178465,0.014933706764536314,cooling,93,78.91142403798861,159,Cubbon Park,NO PARKING,12.980891453687214,77.5882454584965
8960145b417ffff,-0.9207188945400612,-0.6629006680914089,cooling,108,44.59093480710513,891,Cubbon Park,NO PARKING,12.976654622155689,77.58922725868263
8960145b41bffff,-0.5212122777422002,-0.8663022181417539,cooling,136,79.71202276756102,152,Cubbon Park,NO PARKING,12.980033774647888,77.59310274882628
8960145b423ffff,-0.23522160490356325,-0.3247886201812631,cooling,643,79.73464301558654,151,Upparpet,NO PARKING,12.978769179977505,77.58104184814398
8960145b427ffff,-0.05392637109145288,-0.029664255472716672,stable,5448,67.53456941897073,284,Upparpet,NO PARKING,12.977509678695364,77.57893652681413
8960145b42fffff,-0.16260794214331187,-0.18315310220455272,cooling,291,54.85293876843652,515,Upparpet,WRONG PARKING,12.979728954984008,77.57936245171251
8960145b433ffff,-0.46388780927852263,-0.46022628218029715,cooling,133,80.0401345755227,148,Upparpet,WRONG PARKING,12.976304530555556,77.5833832688889
8960145b437ffff,-0.3711251304191134,-0.5139389664361875,cooling,642,90.68955944269348,36,Upparpet,WRONG PARKING,12.975467770270267,77.58160687054054
8960145b443ffff,0.31280057216880675,0.5703916409290977,rising,72,56.622167680255885,464,Cubbon Park,NO PARKING,12.985502148623851,77.59414684954129
8960145b44fffff,-0.1418018952523688,0.09521497737242846,cooling,179,79.53112857541772,155,High ground,NO PARKING,12.988773797336137,77.59221423396566
8960145b45bffff,-0.2473814972137715,-0.7098174659343182,cooling,106,55.7817353086858,484,Shivajinagar,WRONG PARKING,12.987874795348835,77.59862240232559
8960145b483ffff,0.15888217250135686,0.519698337304253,rising,138,73.5289923461252,205,Cubbon Park,NO PARKING,12.971719432596686,77.59432869779006
8960145b487ffff,0.26805700602870214,0.7495018343945772,rising,73,60.86357853145448,382,Halasuru Gate,NO PARKING,12.97007947763158,77.59164112631579
8960145b497ffff,0.27949392355713004,-0.1680789164723231,rising,94,47.66277208132892,747,Halasuru Gate,NO PARKING,12.96763666788991,77.59357956972477
8960145b49bffff,-0.22248013444688383,0.07837214856302088,cooling,632,91.46012657310597,27,Cubbon Park,NO PARKING,12.97138373584475,77.59758747248858
8960145b4a7ffff,0.09433898203341139,0.07872384709718472,stable,44,85.44769723700347,83,Halasuru Gate,WRONG PARKING,12.970167449999998,77.583674646
8960145b4afffff,-0.3521223097579019,-0.9544927800390035,cooling,96,49.53152376627887,655,Halasuru Gate,NO PARKING,12.9735203,77.58290947520662
8960145b4b3ffff,0.15077579621550496,-6.951705155200383e-05,rising,356,64.0665843207755,324,Halasuru Gate,NO PARKING,12.968016551555516,77.58855177786333
8960145b4b7ffff,0.22891867105712993,-0.11440192656726322,rising,110,86.03532909491271,78,Halasuru Gate,WRONG PARKING,12.968049927814567,77.58574472847681
8960145b4cbffff,0.1317315954634072,0.25163974538278255,rising,1549,76.75254611306444,180,Shivajinagar,WRONG PARKING,12.981301808412145,77.5985695022897
8960145b4cfffff,-0.7268695644562755,-0.7841004926324766,cooling,106,42.26273129904612,1012,Cubbon Park,NO PARKING,12.98084181552795,77.5970794378882
8960145b4d7ffff,0.2844534009423253,-0.6061722479558855,rising,72,53.94306732744987,533,Cubbon Park,WRONG PARKING,12.97582864787234,77.59884608617021
8960145b4dbffff,0.07263636233874049,-0.05334450836171867,stable,385,94.23629739501676,9,Shivajinagar,WRONG PARKING,12.980313721571653,77.60263798084905
8960145b50bffff,0.04399113465091832,0.3266826354301495,stable,168,56.24661578110912,470,Chamarajpet,WRONG PARKING,12.97509092918322,77.57062395663998
8960145b50fffff,-0.08001549780726082,0.3947764658851647,stable,65,46.70754924958422,789,Magadi Road,NO PARKING,12.973658388405797,77.5663177
8960145b517ffff,0.28842977355524224,0.8988812327224949,rising,67,41.82526159815557,1036,Chamarajpet,NO PARKING,12.967939496774196,77.56849262580646
8960145b52bffff,0.2732118221632019,0.5899254787917452,rising,430,84.40451471249271,91,Magadi Road,WRONG PARKING,12.975624472552516,77.56137573732691
8960145b543ffff,-0.23571198064950388,-0.1481093262738129,cooling,2192,80.08766792917594,147,Upparpet,WRONG PARKING,12.978370187439946,77.57409091671242
8960145b547ffff,0.002772338845047584,0.3438168971077815,stable,1064,69.26192606624552,260,Chamarajpet,NO PARKING,12.97734698977778,77.57077877622223
8960145b54bffff,0.09971190367823579,0.4108387699761662,stable,709,67.93425642098731,277,Upparpet,WRONG PARKING,12.98052067881449,77.57470056706916
8960145b54fffff,-0.11494599533608173,0.08550541390041544,cooling,84,26.514404254539315,1906,Sheshadripuram,WRONG PARKING,12.980269498333334,77.57187760416667
8960145b553ffff,-0.06189105332834782,0.032493912956778725,stable,9313,92.46318382583208,20,Upparpet,NO PARKING,12.976630847034562,77.57630610766313
8960145b557ffff,-0.42319796134539206,-0.32946696074733484,cooling,173,89.62087623489123,46,Upparpet,WRONG PARKING,12.97492496497462,77.57406469898477
8960145b55bffff,-0.11491068845321639,0.09949832902899192,cooling,1558,67.90834558281784,278,Upparpet,WRONG PARKING,12.979358794984185,77.57641772806146
8960145b563ffff,-0.7682930562064934,-0.7367784092320673,cooling,68,82.46380307925926,117,Magadi Road,NO PARKING,12.978973593506494,77.56441403896103
8960145b56fffff,0.35475063319963657,0.2675018113729002,rising,62,85.83130668835068,81,Magadi Road,NO PARKING,12.98191141202199,77.56314272905416
8960145b583ffff,0.0043389180193102285,-0.23417628885962394,stable,466,39.01555334085349,1210,City Market,WRONG PARKING,12.964688402607823,77.57389843321582
8960145b58bffff,-0.021353402574120325,0.149618339701161,stable,1288,79.90240618737671,149,Chamarajpet,WRONG PARKING,12.96706513769814,77.57431669207443
8960145b593ffff,-0.1481373593756788,-0.0847822506205379,cooling,99,68.69529422601252,268,City Market,WRONG PARKING,12.961737933858268,77.57648044645669
8960145b597ffff,0.7470025975082301,0.9676673216952534,rising,59,80.1989990116431,144,V.V.Puram (C.Pet),NO PARKING,12.96030039047619,77.57235817460318
8960145b59bffff,0.16853396990724911,0.2514838605619689,rising,7472,62.49460663532501,355,City Market,WRONG PARKING,12.964325034026825,77.57663849514333
8960145b5c3ffff,-0.05338098839628985,-0.12068894288756749,stable,430,92.7895268481666,18,City Market,WRONG PARKING,12.97152617052692,77.57661924576573
8960145b5c7ffff,-0.07292534709263152,-0.06903425527068496,stable,1873,85.09250617153717,86,City Market,WRONG PARKING,12.96969057538502,77.57552472506657
8960145b5cbffff,0.060657244216456324,-0.041595547441598546,stable,4794,94.02861454725542,12,Upparpet,NO PARKING,12.97373525674976,77.5786676057273
8960145b5cfffff,-0.053521497977106314,0.1796822565359666,stable,292,86.38982596972205,72,Upparpet,WRONG PARKING,12.974319765083798,77.5747752801676
8960145b5d3ffff,-0.2508071341665557,-0.4511388944622686,cooling,282,91.45227128897572,28,City Market,WRONG PARKING,12.968540268291925,77.57957247503818
8960145b5d7ffff,0.10867372144943738,0.14643105077924323,rising,591,90.42049705832908,38,City Market,WRONG PARKING,12.96758941959904,77.57786179735743
8960145b5dbffff,-0.40421846449299853,-0.3631732126413808,cooling,763,92.33671373166696,23,Upparpet,NO PARKING,12.972779151724138,77.58047044954628
8960145b603ffff,-0.8963926148570512,-0.6033644912405456,cooling,103,46.28006154569601,808,R.T. Nagar,WRONG PARKING,13.001209824271845,77.5954467776699
8960145b673ffff,0.12447749091344286,0.7185788830127939,rising,115,38.78868686755287,1227,R.T. Nagar,NO PARKING,13.006162378861788,77.59316359837398
8960145b693ffff,0.3776995695179973,0.6430835930901604,rising,196,9.802200342089147,2529,Shivajinagar,NO PARKING,12.990343405357144,77.60115175982142
8960145b697ffff,-0.1872233812479716,-0.25672194678403015,cooling,381,37.48418724840816,1293,Shivajinagar,WRONG PARKING,12.98938097463651,77.59911717108238
8960145b6a3ffff,-0.4857423903409892,-0.5488608345001151,cooling,826,33.24135287248545,1563,High ground,WRONG PARKING,12.99372031618163,77.58938830705728
8960145b6a7ffff,-0.6748704851548506,-0.7830122115804161,cooling,1238,49.27223382341264,670,High ground,WRONG PARKING,12.9917599469581,77.58860252288487
8960145b6afffff,-0.21747935738473856,-0.3194439310256796,cooling,199,19.354710807008274,2464,High ground,WRONG PARKING,12.994558564150942,77.58934085169811
8960145b6b3ffff,0.2477237053595877,0.512688001713602,rising,75,31.739731013867694,1659,High ground,NO PARKING,12.991608583870969,77.59390045053763
8960145b6b7ffff,-0.4056474053783998,-0.8851685269758575,cooling,117,38.377937956851085,1242,High ground,WRONG PARKING,12.991247380851064,77.589246
8960169018bffff,0.38446216079646106,0.07305325442662602,rising,46,45.36164679463615,858,Devanahalli Airport,WRONG PARKING,13.190613514285715,77.68058670612244
89601690193ffff,0.06271211703135164,0.09948818759950995,stable,2308,45.954361213463,831,Chikkajala,NO PARKING,13.18531942189953,77.67995134811618
8960169019bffff,0.18397492727164025,0.11502070166222844,rising,557,23.32450098201004,2163,Devanahalli Airport,WRONG PARKING,13.188505021129034,77.68047543774193
896016901d7ffff,-0.03789280771609568,0.12369599409016563,stable,90,30.90369064022585,1700,Devanahalli Airport,WRONG PARKING,13.191576208080807,77.68084475656565
8960169052bffff,0.27722431700782624,-0.28603047166381,rising,153,12.052932896378152,2525,Chikkajala,WRONG PARKING,13.183528344571428,77.68285750057143
8960169052fffff,0.11076785018425958,0.15046519595869623,rising,1133,64.20608454229037,320,Chikkajala,NO PARKING,13.183751247503888,77.67971735507777
89601690573ffff,0.3086877306315662,0.8513823266136871,rising,46,22.32228097193525,2280,Chikkajala,WRONG PARKING,13.18411635744681,77.68910766808511
89601690577ffff,0.09529068583399693,-0.27826758973695975,stable,138,14.793469137189842,2510,Chikkajala,WRONG PARKING,13.184075986335404,77.68636925962733
89601690c2bffff,-0.41092666526746263,-0.3949814230119605,cooling,765,67.07203681186876,288,Chikkajala,NO PARKING,13.191143509939394,77.64610011503031
89601690c77ffff,-0.6221332579117428,-0.9619515208112823,cooling,119,41.32055909695541,1072,Chikkajala,PARKING IN A MAIN ROAD,13.191944259672132,77.6470463340164
8960169601bffff,-0.5055169261262513,-0.6319812029849463,cooling,50,21.544455832564346,2346,Yelahanka,NO PARKING,13.099164114117649,77.57746534117648
896016960dbffff,0.018522925892954907,-0.4374943329672708,stable,54,29.45260952403012,1778,Yelahanka,NO PARKING,13.099431660655735,77.58821987213115
8960169644fffff,0.27927363108502085,-0.3659669673727173,rising,307,45.699862304070514,842,Yelahanka,WRONG PARKING,13.093507376177286,77.59419724127424
896016964b3ffff,-0.3315297305824438,-0.03779702694489706,cooling,74,49.80411407966539,647,Kodigehalli,WRONG PARKING,13.072566957657658,77.59026602972973
896016964b7ffff,0.24742867172113914,0.21108757856881222,rising,2486,44.599972744784935,890,Kodigehalli,WRONG PARKING,13.071374693934994,77.58803440623751
89601696683ffff,0.004962867394762052,0.6277846695767144,stable,361,5.4520374705400805,2533,Yelahanka,NO PARKING,13.097126100539084,77.59960926846361
89601696687ffff,-0.21402333006038504,0.24508057839940212,cooling,192,15.332022121798042,2501,Yelahanka,WRONG PARKING,13.097573019379846,77.5989291744186
8960169668fffff,-0.35201181410268856,-0.7599369925020965,cooling,55,49.817806921498125,645,Yelahanka,WRONG PARKING,13.099342137579349,77.59745518252375
89601696697ffff,-0.24756703873623193,-0.035321918871333624,cooling,131,9.478024249238112,2530,Yelahanka,WRONG PARKING,13.096124132450331,77.60014610198675
896016966afffff,-0.2828793199532839,-0.9489288731660299,cooling,86,30.55159648705433,1717,Yelahanka,NO PARKING,13.09972591065574,77.5887930885246
89601697463ffff,0.10860306497971399,-0.6201959777705063,rising,88,30.98275196456477,1692,Chikkajala,NO PARKING,13.14399196981132,77.61785820849056
8961892086bffff,0.6652535558226382,1.4386598970834061,rising,347,88.16523503931126,58,Whitefield,PARKING IN A MAIN ROAD,12.951440219491683,77.71746003377889
89618920907ffff,-0.025665233645022933,-0.1091033545419211,stable,150,63.78718178659548,330,HAL Old Airport,PARKING IN A MAIN ROAD,12.931938391768986,77.69580948619134
8961892090bffff,-0.4166635643121009,-0.295232356001739,cooling,129,55.92412468719138,479,HAL Old Airport,WRONG PARKING,12.93777085798918,77.70036398657743
89618920923ffff,0.11218521379838456,-0.03619512637195388,rising,6187,56.06102230207666,475,HAL Old Airport,NO PARKING,12.933558265103462,77.69097917400607
89618920927ffff,0.2333911827923316,0.1994437586039195,rising,821,88.73187117856764,52,HAL Old Airport,PARKING IN A MAIN ROAD,12.932440275371745,77.68820705718736
8961892092bffff,0.02881366697067404,-0.05294344554645192,stable,980,33.81946213231776,1526,HAL Old Airport,NO PARKING,12.935897281673434,77.69152352240859
8961892092fffff,-0.013568797226125346,-0.35190285426402146,stable,53,45.58196517462269,846,HAL Old Airport,NO PARKING,12.934908084375,77.6894964546875
89618920933ffff,-0.31585743378338066,-0.6337637955932114,cooling,114,84.30335878647313,93,HAL Old Airport,PARKING IN A MAIN ROAD,12.931488912173911,77.69284063652174
89618920957ffff,-0.48784220071274403,-0.6448310698651074,cooling,128,71.72715429995485,226,HAL Old Airport,WRONG PARKING,12.936973065064722,77.70273583729437
89618920963ffff,-0.009032953406338105,-0.021644661691064715,stable,1411,96.26414916480172,4,HAL Old Airport,PARKING IN A MAIN ROAD,12.939764515503825,77.69553100718927
8961892096bffff,0.43004632432626655,1.08087855510589,rising,49,49.52717107946212,656,HAL Old Airport,PARKING IN A MAIN ROAD,12.943699602881996,77.6972228034978
89618920973ffff,-0.2659985969908188,-0.49420143482589685,cooling,519,86.15694877185567,74,HAL Old Airport,WRONG PARKING,12.938511721871256,77.69746214422713
89618920977ffff,-0.0653982122873912,-0.5580055986442667,stable,68,50.90382449483526,617,HAL Old Airport,WRONG PARKING,12.93768229174381,77.69374966082046
8961892097bffff,0.04100576207558967,0.0404670400503544,stable,181,65.06112675652915,310,HAL Old Airport,PARKING IN A MAIN ROAD,12.942565629763273,77.69732621565753
896189209a3ffff,0.11513359300985906,-0.4348438145023362,rising,142,51.288082344632166,603,Bellandur,PARKING IN A MAIN ROAD,12.926118326229297,77.69485079015143
896189209abffff,0.07171483814671946,-0.32850722351377926,stable,151,44.45700424241785,895,Bellandur,PARKING IN A MAIN ROAD,12.928902166459627,77.69482183291926
89618920a23ffff,-0.2100616734969535,-0.47396243178536257,cooling,564,35.058955651913415,1444,HAL Old Airport,WRONG PARKING,12.96318353274648,77.71729046126761
89618920a2bffff,-0.21934333274558607,-0.5717811232566594,cooling,876,47.57444418459082,754,HAL Old Airport,WRONG PARKING,12.96568044280822,77.71783238618721
89618920a37ffff,-0.13457367870318193,-0.2810310159989009,cooling,442,38.10535494503801,1259,HAL Old Airport,WRONG PARKING,12.95940334672489,77.71608510436681
89618920a3bffff,-0.25738809321362277,-0.7331887680047824,cooling,558,43.99454558944111,921,HAL Old Airport,WRONG PARKING,12.964674044444443,77.71824241702508
89618920aa7ffff,-0.06430959797999782,0.28314812605080775,stable,65,73.04647770078058,213,Whitefield,WRONG PARKING,12.955510868575672,77.71802466425184
89618920ac3ffff,0.21526141089504022,0.4039896774492848,rising,118,87.70697134945034,60,Whitefield,PARKING IN A MAIN ROAD,12.963344852356984,77.73302956674964
89618920b03ffff,-0.14501872145967395,-0.3035467509593128,cooling,235,30.80622235275679,1704,HAL Old Airport,NO PARKING,12.95675118693014,77.7035548084375
89618920b0fffff,-0.18827977726152126,-0.4109394106337295,cooling,1059,59.276810547438174,408,HAL Old Airport,NO PARKING,12.957514652224353,77.70123144518115
89618920b3bffff,-0.21765183536712107,-1.0,cooling,41,63.2054668935705,340,HAL Old Airport,WRONG PARKING,12.956894873049452,77.69895010320457
89618920b73ffff,-0.0365942207022521,-0.17253799352909105,stable,204,33.82522411295984,1525,HAL Old Airport,NO PARKING,12.96062152293325,77.70159309740501
89618920ba3ffff,0.0780860195268972,-0.06605981003613937,stable,290,78.59221329216014,165,HAL Old Airport,NO PARKING,12.948677587542106,77.69935012175641
89618920babffff,0.37686478741656065,0.32972695618196446,rising,864,36.38458928666882,1359,HAL Old Airport,PARKING IN A MAIN ROAD,12.95092274486666,77.69983822492487
89618920bb7ffff,-0.15876392583333304,-0.42044334120590166,cooling,213,52.26722576601021,580,HAL Old Airport,WRONG PARKING,12.944793406044688,77.69807347485674
89618920bcfffff,0.09551690326771195,-0.011833431258253646,stable,45,17.5379540638972,2486,HAL Old Airport,WRONG PARKING,12.956601948979593,77.7091038
89618920bdbffff,0.018757476094334924,-0.42839459815055747,stable,263,51.48680386282343,595,HAL Old Airport,WRONG PARKING,12.956815564468052,77.71513876106408
89618920e93ffff,0.0689495269044097,-0.1447647751648079,stable,46,63.37209507906943,334,Whitefield,PARKING IN A MAIN ROAD,12.938143410909092,77.74682562181818
8961892184bffff,0.08163374339422595,0.34058025925304336,stable,60,58.39686158281389,426,Mahadevapura,NO PARKING,13.003832366220642,77.75697404499546
89618921887ffff,0.5609188461869286,1.4017548092282723,rising,54,81.2500765413743,126,Whitefield,WRONG PARKING,12.98348239047619,77.75207005873015
896189218a3ffff,0.6933095370145338,0.49826912156300596,rising,106,82.41550167492359,118,Whitefield,PARKING IN A MAIN ROAD,12.985459871698112,77.74565409339623
8961892191bffff,0.44321843342319306,0.7186055302139951,rising,98,30.71696897066624,1707,Whitefield,NO PARKING,12.986510131683168,77.73363732376238
896189219cfffff,-0.20164322271104326,-0.7864427798967631,cooling,470,47.97983836907444,731,Mahadevapura,WRONG PARKING,12.98756361482821,77.73474810452079
89618921a87ffff,0.2747171831270302,0.24600028541704178,rising,54,35.17032759346997,1440,Mahadevapura,NO PARKING,13.006681768115945,77.7571600362319
89618924043ffff,-0.008997756212615405,0.1599086746255063,stable,77,30.12500090016009,1737,HSR Layout,WRONG PARKING,12.896418673993464,77.63545746940262
8961892404fffff,0.23809626863122343,1.0134592433816656,rising,51,50.28997179887836,628,Madiwala,WRONG PARKING,12.898431331325876,77.63410060695605
89618924053ffff,0.19156120059552326,0.6137233883462769,rising,428,20.22989091297355,2448,Hulimavu,WRONG PARKING,12.893054477179806,77.63728004870717
896189240c3ffff,0.3061415902973718,0.43901708626062286,rising,118,29.57822709289505,1773,Hulimavu,WRONG PARKING,12.889058443664002,77.6398920382007
896189240cbffff,-0.18568867086053475,-0.025972894893213527,cooling,118,41.06202848038426,1091,HSR Layout,WRONG PARKING,12.891335082655138,77.63883426161053
896189240cfffff,-0.21878710678126345,-0.5978333225498476,cooling,140,35.47873471758032,1417,Hulimavu,WRONG PARKING,12.891352270022232,77.63815485904107
896189240d3ffff,0.2765306695136135,0.5973238115708277,rising,282,23.55809140087681,2138,Hulimavu,WRONG PARKING,12.88615315846443,77.64152982374607
89618924203ffff,-0.42133966302612236,-0.5328765274501606,cooling,539,33.02963216672659,1574,HSR Layout,NO PARKING,12.91243524730687,77.63546967955585
8961892420bffff,-0.4179409679035317,-0.645300297477143,cooling,128,33.276122029209226,1560,HSR Layout,NO PARKING,12.913148425757576,77.63530258787878
8961892420fffff,-0.2362917430525704,-0.6855949338061187,cooling,390,49.37138031142065,664,HSR Layout,WRONG PARKING,12.912485544385818,77.63353292093055
8961892421bffff,-0.47376155131668707,-0.6758646046802874,cooling,633,25.414447993640664,1956,HSR Layout,NO PARKING,12.91171111875,77.63809590918368
89618924223ffff,0.2333675137360798,-0.35296006295590965,rising,181,58.00526647384194,432,HSR Layout,NO PARKING,12.911289103365384,77.62628816875
8961892422fffff,0.04039004058311162,0.1787098200051349,stable,196,39.67940204983358,1175,HSR Layout,WRONG PARKING,12.912805979579534,77.62554625494764
89618924233ffff,0.39492293269554374,0.38503847204428876,rising,61,45.25098539140486,863,HSR Layout,WRONG PARKING,12.907925092106185,77.62861502399029
89618924247ffff,-0.20941588392485394,-0.6095849919862697,cooling,45,19.815125655743543,2458,HSR Layout,NO PARKING,12.91678252037037,77.63806107037037
89618924257ffff,-0.38709092707847964,-0.12306998950791592,cooling,45,30.80717051422331,1703,HSR Layout,NO PARKING,12.915512706756756,77.6382905527027
8961892428fffff,0.046809102513591515,0.0283902216814782,stable,47,32.83318357332541,1595,HSR Layout,WRONG PARKING,12.906189085,77.63788889166668
8961892429bffff,0.5596061494344733,0.5071120849070141,rising,49,49.59253051925824,653,HSR Layout,WRONG PARKING,12.903519245614037,77.64209047017543
896189242abffff,0.10467252203594174,-0.8586088561391592,rising,321,45.36582311903594,857,HSR Layout,WRONG PARKING,12.906598979227054,77.63145260241546
896189242afffff,0.031277177133068906,-0.1814704483053362,stable,594,74.13714795384932,201,HSR Layout,WRONG PARKING,12.906434069376663,77.62933996160638
896189242c3ffff,0.5213637648744419,-0.05727080310203625,rising,51,34.199373482674616,1494,HSR Layout,NO PARKING,12.91106928456376,77.64453910067114
8961892436fffff,-0.6961214830238576,-0.464717382676999,cooling,221,63.36539351341818,335,Mico Layout,NO PARKING,12.913758327826086,77.6074592115942
8961892440bffff,0.28436598888168735,0.7366173978336008,rising,254,23.3927907351324,2161,Hulimavu,WRONG PARKING,12.876003208421052,77.64785323403508
89618924463ffff,0.25384177234142047,0.7951174256105968,rising,60,25.29213115775605,1962,Hulimavu,WRONG PARKING,12.881255775409835,77.64454881639345
8961892446bffff,0.0816624466022187,0.14906116961398896,stable,63,33.56365352211996,1539,Hulimavu,WRONG PARKING,12.883738263235294,77.6429964367647
8961892446fffff,0.5665042298356125,1.3843990432398483,rising,106,23.114131550884164,2197,Hulimavu,WRONG PARKING,12.884107793789887,77.641462289599
89618924473ffff,0.023105974880513434,0.41117525711070835,stable,52,28.542959970206304,1820,Hulimavu,WRONG PARKING,12.879233485714286,77.6456909952381
8961892447bffff,0.16935712119874557,0.592257247967475,rising,51,34.039618525197376,1506,Electronic City,WRONG PARKING,12.880958158064676,77.64545536411975
8961892448bffff,0.48522697921593355,-0.20710734455901814,rising,141,49.25569010890332,672,Electronic City,WRONG PARKING,12.869956114355364,77.65335865997977
896189244d3ffff,0.06930507087704967,-0.24404774715603184,stable,56,52.327820951975326,577,Electronic City,WRONG PARKING,12.870395385714286,77.65814690892857
896189244d7ffff,0.29516677231540106,-0.47153130982122826,rising,270,53.47870558939904,546,Electronic City,WRONG PARKING,12.870645583314491,77.65489721885312
896189246c7ffff,-0.3605601509505142,-0.25975967894412777,cooling,54,63.100568015288594,343,HSR Layout,NO PARKING,12.894393660888609,77.6572270532734
89618924823ffff,-0.018451754499576947,0.11080757107391115,stable,223,24.44869386703963,2033,Thalagattapura,NO PARKING,12.888723082867132,77.56288616538461
89618924827ffff,0.39709778238790944,0.7302646596257794,rising,54,34.7433718239193,1458,Thalagattapura,NO PARKING,12.887762662481462,77.56166627819984
89618924877ffff,-0.3978605137109536,-0.17498958714404012,cooling,43,34.64362277725982,1466,K.S. Layout,NO PARKING,12.893813628571428,77.56782063877552
896189249afffff,0.3479744729883814,0.7627075173488786,rising,43,66.91616019044517,290,Thalagattapura,WRONG PARKING,12.875982045326122,77.5440853651204
89618924a03ffff,-0.9653199448827614,-0.7381997338994989,cooling,70,27.22767553462267,1877,J.P. Nagar,WRONG PARKING,12.91100724109589,77.57694590547945
89618924a07ffff,0.4930059433801617,1.4589122349381132,rising,159,15.43591798926596,2500,J.P. Nagar,WRONG PARKING,12.910976275129531,77.57335084922279
89618924a47ffff,-0.18898331838605273,0.02822714362346601,cooling,133,58.77060800614409,419,Jayanagara,NO PARKING,12.917353972625698,77.57815547597765
89618924a4bffff,-0.5716658039775121,-0.10642922611923966,cooling,105,43.4017141006528,959,Jayanagara,NO PARKING,12.922152531132076,77.58069062924528
89618924a5bffff,0.018026393761800926,0.5546108057436527,stable,72,49.120843997323846,680,Jayanagara,WRONG PARKING,12.919676969387757,77.58368588163265
89618924a63ffff,-0.39071752088930195,-0.11786713942064808,cooling,105,64.64412444399692,315,Banashankari,NO PARKING,12.91746644161074,77.57329023333334
89618924a73ffff,-0.12265135725151245,0.1756938510834889,cooling,233,59.85655472463605,396,Jayanagara,NO PARKING,12.917076345121554,77.5738352602141
89618924a77ffff,0.42664274800334107,0.8088641295476144,rising,60,50.20059300422436,631,K.S. Layout,NO PARKING,12.915993877777778,77.5728796063492
89618924ac3ffff,-0.42482886732305514,-0.30081492841900537,cooling,163,84.69583474746028,88,J.P. Nagar,WRONG PARKING,12.911566864367815,77.58551368390805
89618924acbffff,0.2960334108834509,0.8782218094977716,rising,94,86.83387676268838,68,J.P. Nagar,WRONG PARKING,12.914316755963302,77.58580709357798
89618924b2bffff,-0.17797771275215496,0.31538067601391506,cooling,43,72.7108095941533,217,K.S. Layout,NO PARKING,12.90700224728655,77.54643603282757
89618924b63ffff,0.207333734832175,0.8294560412063539,rising,73,83.24977657635117,104,K.S. Layout,PARKING IN A MAIN ROAD,12.911145302575692,77.55172702381319
89618924c5bffff,0.3933628826240225,0.2669757501376875,rising,82,45.27235479747052,862,J.P. Nagar,WRONG PARKING,12.881890182608696,77.5958751326087
89618924cc7ffff,-0.19080816660292577,-0.17084125392313387,cooling,49,22.91985987539972,2220,Hulimavu,WRONG PARKING,12.872985938672182,77.59424541201336
89618924ccbffff,0.9225808487583537,1.741685372504573,rising,213,31.497377739867837,1665,Hulimavu,WRONG PARKING,12.876279865800866,77.59669508484848
89618924ccfffff,0.0933761859568892,-0.01651213937023388,stable,245,28.80663594163924,1808,Hulimavu,NO PARKING,12.876241256462585,77.59542067176871
89618924e2bffff,-0.1411332086645548,0.24839081450458944,cooling,42,36.68457561883165,1340,J.P. Nagar,NO PARKING,12.900245315094338,77.58586133396227
89618924e47ffff,-0.2575151517189739,-0.5664344800890151,cooling,41,12.37395318655068,2524,J.P. Nagar,NO PARKING,12.901659153846152,77.59394616730769
89618924e6fffff,0.15598615670302832,0.6358055417694357,rising,67,87.74565693731454,59,J.P. Nagar,WRONG PARKING,12.905494204347828,77.58581746376812
89618924e97ffff,0.06806006835951048,-0.3862775438436895,stable,42,48.61231727382762,704,J.P. Nagar,WRONG PARKING,12.884657659716806,77.59671508100674
89618924ec7ffff,0.2223040392410096,0.43844255776153673,rising,151,11.99304029427354,2526,J.P. Nagar,NO PARKING,12.894957319642856,77.59914247023809
89618925123ffff,0.3118309248493654,0.09080825470653098,rising,471,15.206741618911638,2504,Adugodi,NO PARKING,12.93259010747826,77.63153984226086
89618925133ffff,0.6457940516798949,0.7244138292769009,rising,77,56.45094216225312,466,Adugodi,NO PARKING,12.931005362184877,77.63295074285715
896189251a7ffff,0.31581549034950473,0.7509487946428879,rising,98,52.60097498425134,569,Adugodi,NO PARKING,12.925338605785123,77.63348624380166
896189251afffff,0.5172466103840244,1.6250952598357489,rising,64,60.63629933220337,385,Adugodi,NO PARKING,12.928091801470588,77.63342448088235
89618925237ffff,-0.35044898798513346,-0.7000456266730715,cooling,72,66.64586537736584,291,Jeevanbheemanagar,NO PARKING,12.959355407010792,77.65631053382768
8961892526fffff,-0.2691372104557863,-0.32584427884613176,cooling,99,45.708006815442985,841,Jeevanbheemanagar,NO PARKING,12.971752352427185,77.65833605825242
8961892528fffff,0.3905723955148023,0.6409225225020936,rising,293,16.443321105952986,2494,HAL Old Airport,WRONG PARKING,12.958556843003413,77.66823672696246
8961892530bffff,0.14924924246195292,0.16091091942130387,rising,567,22.220348106763225,2293,Jeevanbheemanagar,NO PARKING,12.959359756432727,77.64545551582091
89618925343ffff,0.4927774748545543,0.5268711460678306,rising,73,18.940566009673613,2472,Jeevanbheemanagar,NO PARKING,12.96220791525,77.64912638109101
89618925357ffff,-0.20999857714540504,-0.2823761735812317,cooling,443,52.39586681505072,573,Jeevanbheemanagar,NO PARKING,12.959843954391806,77.64891534633078
89618925363ffff,-0.2560508681033212,-0.634696434233559,cooling,194,91.44822643676147,29,Jeevanbheemanagar,NO PARKING,12.963613716283374,77.64143218255897
89618925367ffff,-0.3542518301749972,-0.15953051012788744,cooling,117,79.85391362410978,150,Halasur,NO PARKING,12.961141690714284,77.63715458928571
8961892536bffff,-0.6068838998383889,-0.7543662963011448,cooling,292,93.06994262935424,16,Jeevanbheemanagar,NO PARKING,12.966436543771044,77.64152168754208
89618925373ffff,0.08450395930109758,-0.2482537108693048,stable,148,61.79387957534668,368,Jeevanbheemanagar,NO PARKING,12.96032913224928,77.64356723405167
89618925377ffff,0.31085684865519403,0.5516301141081568,rising,60,63.08450636710543,345,Halasur,NO PARKING,12.960470132432432,77.63933092702703
896189253cfffff,0.5188181640991679,0.9245120163306393,rising,64,27.908172604515848,1849,Jeevanbheemanagar,NO PARKING,12.958682273951974,77.64957434952305
89618925403ffff,0.13004591334500878,-0.26967978550950966,rising,663,20.136406673081662,2453,Bellandur,NO PARKING,12.926447895344886,77.6775572793236
89618925407ffff,-0.14157011677760944,-0.18355520269393433,cooling,216,34.87820080801315,1450,Bellandur,WRONG PARKING,12.925324338606416,77.67566245589296
8961892540bffff,-0.33929358441460145,-0.5793755063465722,cooling,151,17.112882451245685,2488,Bellandur,NO PARKING,12.92831030776699,77.67952880436893
8961892541bffff,0.06371387150760228,-0.18045637212493937,stable,695,20.227400653851245,2449,Bellandur,WRONG PARKING,12.927515496709823,77.6803322622694
89618925433ffff,0.032980727239296466,-0.13399313870331886,stable,46,41.743879508891176,1043,Bellandur,WRONG PARKING,12.92376119505089,77.67230801769232
89618925437ffff,0.2937778167697893,1.06774629512058,rising,54,26.663640247946716,1899,Bellandur,NO PARKING,12.922424129273493,77.66890219578296
89618925453ffff,0.1495762829369295,0.22723699031327382,rising,1005,71.4994246592016,231,HAL Old Airport,NO PARKING,12.93052533530535,77.68537646862933
896189254a3ffff,-0.002484424944506101,0.23158808574619782,stable,110,79.04504916551083,158,Bellandur,WRONG PARKING,12.917235578011166,77.6728557213768
896189254a7ffff,0.17340663256526329,0.44633401848862797,rising,44,56.07834348152253,474,Bellandur,WRONG PARKING,12.91804596029412,77.67115523088236
896189254b7ffff,0.5218155127316974,1.1381734206471918,rising,56,26.80147287801847,1890,Bellandur,NO PARKING,12.916388316923078,77.67333702153846
896189254cfffff,0.12091515814195815,-0.29325418279185644,rising,49,23.43135951643117,2156,HAL Old Airport,NO PARKING,12.929225247272727,77.68408434545454
8961892552fffff,-0.25991894593956605,0.15259471118511914,cooling,73,27.914968983153347,1848,HSR Layout,NO PARKING,12.920331078021976,77.64509451868132
89618925533ffff,-0.1071728201354807,-0.7315938347412119,cooling,81,39.86473906678021,1165,HSR Layout,NO PARKING,12.916408737962964,77.65171594907407
8961892553bffff,-0.19690169258505602,-0.628181455717157,cooling,47,47.553188656763176,755,HSR Layout,WRONG PARKING,12.91852674852941,77.65173024705882
89618925577ffff,-0.1635131972623042,-0.12942513237154463,cooling,55,34.77489430908876,1456,HSR Layout,NO PARKING,12.922934666711354,77.65150287595532
896189255a3ffff,-0.37993160348796745,-0.9145603761476041,cooling,51,35.82392045251755,1393,HSR Layout,NO PARKING,12.911777092307693,77.65167141538461
896189255cbffff,-0.19860427126967953,-0.14101566541657307,cooling,272,43.07654599383224,972,Bellandur,WRONG PARKING,12.921006715121484,77.66557942526131
89618925817ffff,-0.3452173690442859,-0.569408196044275,cooling,154,69.6341480831966,257,Mico Layout,PARKING IN A MAIN ROAD,12.9368465155,77.60175085
8961892582bffff,0.411767014911384,0.21606512123931987,rising,195,76.79429149580496,179,Wilson Garden,NO PARKING,12.944989466586373,77.59496069659004
89618925837ffff,0.28460504401369413,0.5175038611580878,rising,92,27.796221294291257,1860,Wilson Garden,NO PARKING,12.938268876415094,77.59262558584906
8961892584bffff,0.2493445004246018,0.4502663539911238,rising,103,76.46713690353478,184,Ashok Nagar,NO PARKING,12.951592335454546,77.60755278727274
89618925863ffff,0.6554895716457207,1.6960785401571297,rising,113,87.42003474800525,61,Wilson Garden,WRONG PARKING,12.948863852,77.59785962133334
89618925867ffff,-0.02318859707496878,0.4394901416843253,stable,42,80.89567688807809,132,Wilson Garden,NO PARKING,12.946510044,77.595000058
8961892586fffff,0.5531832539343324,1.1606126768070992,rising,46,73.24306625432851,210,Wilson Garden,NO PARKING,12.950721312068966,77.59619024482758
89618925877ffff,0.4054182765002957,0.6179144406506363,rising,76,77.73802721192146,168,Wilson Garden,NO PARKING,12.944737365934063,77.59707395714285
8961892588bffff,-0.46887436756627443,-0.5377546508129276,cooling,146,43.90291792836208,928,Mico Layout,NO PARKING,12.936220891099476,77.60670873612565
89618925893ffff,0.046297938130351615,0.07062183411901635,stable,171,59.00806433376903,414,Mico Layout,PARKING IN A MAIN ROAD,12.930714307874016,77.6095276444882
89618925897ffff,-0.5840920677304409,-0.8326720035829358,cooling,327,24.07389792507558,2099,Mico Layout,NO PARKING,12.930884595454549,77.60653031925135
89618925913ffff,0.2857086002757825,0.6743011618588406,rising,276,91.21169600668534,30,Jayanagara,NO PARKING,12.931557618786128,77.58376212947977
89618925917ffff,0.17286425719719525,0.8388999672834201,rising,227,87.07747210768599,65,Jayanagara,NO PARKING,12.929529802506964,77.58058062033426
89618925943ffff,0.26488674715127947,0.5549348352173684,rising,49,56.11758373959417,472,Wilson Garden,NO PARKING,12.941055892753624,77.58480983478262
89618925947ffff,0.877546276013259,2.4249773734171,rising,215,66.95934152437174,289,Wilson Garden,WRONG PARKING,12.93948288490566,77.58398016257861
8961892594bffff,-0.1483808667815283,0.5870279949894626,cooling,55,63.41341302851663,333,Wilson Garden,NO PARKING,12.944513741935484,77.5860889983871
89618925957ffff,0.035099624114313326,0.20054502809373975,stable,427,72.83206075433168,215,Wilson Garden,NO PARKING,12.937614765311926,77.58477363880257
89618925967ffff,0.09158075061729024,-0.8000079674145457,stable,150,58.52385144026972,422,Basavanagudi,NO PARKING,12.94029078896104,77.57304516818182
8961892596fffff,0.050714401179614434,-0.20490573704050585,stable,44,54.17949847267735,527,Basavanagudi,NO PARKING,12.943641666242822,77.57359778829161
89618925973ffff,0.07378818109219565,0.047428373584331496,stable,63,70.53622388670242,249,Basavanagudi,NO PARKING,12.9385520112975,77.57961398340508
89618925977ffff,0.3434450395249297,0.8578323459042172,rising,114,43.08568281899144,971,Basavanagudi,WRONG PARKING,12.938025395064228,77.57688335625909
89618925983ffff,-0.07588073610076505,-0.24677663087352908,stable,285,95.83386453084032,5,Jayanagara,NO PARKING,12.926502414588237,77.58572570211764
8961892598bffff,-0.027031333183271104,0.143995877714858,stable,229,90.93352103284076,34,Jayanagara,NO PARKING,12.928476393617022,77.58579147234043
8961892598fffff,-0.05602649981626406,0.025257960058976403,stable,223,88.70055964804793,53,Jayanagara,NO PARKING,12.928850194551282,77.58266018814102
89618925997ffff,-0.03555050859157407,0.16786796951455307,stable,70,86.57852969215905,70,Jayanagara,NO PARKING,12.92295454965945,77.58488081511247
896189259bbffff,-0.45110114577071975,-0.25304671540012735,cooling,444,84.87550201546878,87,Jayanagara,NO PARKING,12.92803359229209,77.58074122271805
896189259c7ffff,-0.2856258183314639,-0.4970742660757177,cooling,131,88.376765670773,56,Jayanagara,NO PARKING,12.931774634193548,77.5860187716129
89618925a0bffff,-0.2766938233728024,-1.0,cooling,46,46.62819627262573,790,Ashok Nagar,NO PARKING,12.96728761345388,77.6081479140351
89618925a23ffff,-0.274257769263835,-0.21568491550622493,cooling,513,41.80468637195682,1038,Ashok Nagar,NO PARKING,12.962183725750394,77.59879318530805
89618925a27ffff,-0.7884411543812815,-1.0,cooling,209,18.43373843321828,2480,Ashok Nagar,NO PARKING,12.962012453529413,77.59621874558823
89618925a2bffff,-0.4954157111684214,-0.7817867694408944,cooling,62,59.59286141298682,400,Ashok Nagar,NO PARKING,12.966905374444446,77.59954859888889
89618925a33ffff,-0.02240970133420693,0.16442885799770712,stable,221,71.41286725002072,234,Ashok Nagar,NO PARKING,12.961235121238936,77.6000945477876
89618925a37ffff,-0.41550728087885214,-0.6062736814692515,cooling,146,60.57732707985966,386,Ashok Nagar,NO PARKING,12.961712185326087,77.59848293260869
89618925a43ffff,0.32672300659844916,1.0067961964670085,rising,68,34.62753733077506,1469,Ashok Nagar,NO PARKING,12.970286844127967,77.61030585886667
89618925a47ffff,-0.5615210805134616,-0.7452442272205839,cooling,337,8.040883360663173,2532,Ashok Nagar,NO PARKING,12.97008384337979,77.6067388231665
89618925a4bffff,-0.254230786219472,-0.8447181841267887,cooling,114,24.264670795990572,2069,Ashok Nagar,NO PARKING,12.97376355,77.61194560230769
89618925a4fffff,0.029765998915449357,-0.7870669918628329,stable,277,32.02360961621864,1649,Ashok Nagar,NO PARKING,12.97344118190184,77.60866865
89618925a5bffff,-0.07006364399266102,-0.025252512167284857,stable,348,18.99443641391797,2470,Halasur,NO PARKING,12.97308606943128,77.61484310710901
89618925a6bffff,0.08656256502829739,-0.5011428183368754,stable,51,38.96356736998855,1216,Cubbon Park,NO PARKING,12.974769621551724,77.60372155603449
89618925a6fffff,-0.013438519387136015,-0.2515659767110815,stable,46,47.97989362875104,730,Cubbon Park,NO PARKING,12.973017788135596,77.60026398813558
89618925a73ffff,-0.9789697140787614,-0.9382290547840018,cooling,74,14.032958848023066,2513,Ashok Nagar,NO PARKING,12.969519832735337,77.60637152752064
89618925a77ffff,-0.6005629302576918,-0.8027077521555557,cooling,70,54.49641354582041,520,Ashok Nagar,NO PARKING,12.968366680681818,77.60202678409091
89618925a7bffff,-0.012746431419179898,-0.6929953312432092,stable,264,82.85618191045505,111,Ashok Nagar,NO PARKING,12.97170600089126,77.60661222032934
89618925b03ffff,0.007763475987846246,-0.11845557845216759,stable,346,60.426762679768366,388,Wilson Garden,NO PARKING,12.955572281026786,77.5857498611607
89618925b07ffff,-0.30380797288508343,-0.547313218312586,cooling,40,70.99335813224758,242,City Market,WRONG PARKING,12.954633802884617,77.58311407596153
89618925b0bffff,0.08654728356375675,0.1354832606259153,stable,261,80.57244355335563,135,Wilson Garden,NO PARKING,12.95844314516129,77.58656522193549
89618925b0fffff,0.2646119612296455,0.3389894818686583,rising,109,80.89977516902316,131,City Market,WRONG PARKING,12.958067222997222,77.58228585922204
89618925b17ffff,-0.6002540553132227,-0.47798698883999746,cooling,77,86.09985166967522,75,Wilson Garden,WRONG PARKING,12.953909351851852,77.58460447407407
89618925b23ffff,-0.10540925632440619,-0.6696901848538472,cooling,183,83.68784465018024,100,City Market,WRONG PARKING,12.95671947512195,77.57743522487806
89618925b2bffff,-0.01005767015858358,0.054772461659973626,stable,1142,87.03183871785755,67,City Market,WRONG PARKING,12.959353348561404,77.57734154294737
89618925b2fffff,0.004053577826212215,-0.023934097602271942,stable,579,86.09489327603349,76,City Market,WRONG PARKING,12.958882333174603,77.5756616120635
89618925b33ffff,-0.001990381485468031,-0.197790733218424,stable,90,84.39642808300795,92,City Market,WRONG PARKING,12.954993999056605,77.57977704433962
89618925b37ffff,0.9223652632756111,1.8319905749802476,rising,78,77.18186629815766,173,V.V.Puram (C.Pet),WRONG PARKING,12.951806292119104,77.5769149033721
89618925b3bffff,0.0504697263108425,0.47531177052468143,stable,159,89.64404490141436,44,City Market,WRONG PARKING,12.957273590816326,77.58095280663265
89618925b43ffff,0.1212860091257767,-0.2873960644176313,rising,70,62.63596968619088,353,Halasuru Gate,NO PARKING,12.96280931888889,77.58995186222222
89618925b47ffff,-0.2127733139962241,-0.6327332109435428,cooling,129,59.61548602018536,399,Halasuru Gate,WRONG PARKING,12.961213197794118,77.586789825
89618925b4fffff,0.03444686668209564,-0.2848605870276173,stable,42,81.89537390365773,123,Halasuru Gate,WRONG PARKING,12.966299189393938,77.58710270454546
89618925b57ffff,-0.010055665275561846,0.03089802047320145,stable,54,62.26931163299568,363,Halasuru Gate,NO PARKING,12.961482886885246,77.58886047868852
89618925b63ffff,0.04121799207806569,0.13703838584181183,stable,1021,94.1327353887903,10,Halasuru Gate,WRONG PARKING,12.963862300350057,77.58164655115154
89618925b67ffff,0.009011671738427993,-0.08490368504963974,stable,871,82.19245826179592,122,City Market,WRONG PARKING,12.962801808934968,77.5781623552273
89618925b6bffff,-0.34376489829558043,-0.2568964422565111,cooling,131,88.47880272549372,55,Halasuru Gate,WRONG PARKING,12.966189849668874,77.58195700728477
89618925b6fffff,-0.20020016165218324,-0.3743624457581821,cooling,1164,90.96392575544908,33,City Market,WRONG PARKING,12.96484813155883,77.57891700692142
89618925b73ffff,0.3714758038850816,0.5961568050731054,rising,99,60.36820323832166,391,Halasuru Gate,NO PARKING,12.961218897297297,77.58394186756756
89618925b77ffff,0.4851094031402131,-0.11243233515966677,rising,45,18.478736475865038,2479,City Market,WRONG PARKING,12.960399042222225,77.5799293088889
89618925b7bffff,0.06502510909682295,-0.16092764445678642,stable,2136,94.87658368215656,7,Halasuru Gate,WRONG PARKING,12.964632851074256,77.58411570968714
89618925b83ffff,-0.2638186616790522,-0.2497161176468602,cooling,41,71.02435900859483,241,Wilson Garden,NO PARKING,12.947143756,77.590610432
89618925b8bffff,-0.3080592158922967,-0.5576090979556876,cooling,61,82.7504409229982,113,Wilson Garden,NO PARKING,12.951842782178218,77.59056428316832
89618925b97ffff,0.5947954425065006,1.7283764038374003,rising,47,25.16432103121677,1965,Wilson Garden,NO PARKING,12.946202061818182,77.58818090545455
89618925ba7ffff,0.35861204460691853,1.1832954867617307,rising,43,70.89606792985033,244,Basavanagudi,NO PARKING,12.94799498313253,77.57953424939758
89618925bc7ffff,-0.2648102169352941,-0.5080876315304139,cooling,98,86.16301645423849,73,Wilson Garden,NO PARKING,12.95449114652778,77.59149239027778
89618925c03ffff,-0.11700888497012232,-0.48326407662865223,cooling,521,59.08970339327438,412,Madiwala,NO PARKING,12.925309484739287,77.61896229003747
89618925c17ffff,0.001983425844875743,-0.8683063624270596,stable,66,65.81442087298448,303,Madiwala,NO PARKING,12.92382087132832,77.61851675140845
89618925c2fffff,-0.15745130442922392,-0.2528040016642822,cooling,47,69.43800090058643,259,Mico Layout,PARKING IN A MAIN ROAD,12.927883503296703,77.60917826373627
89618925c37ffff,-0.5033365584620186,-0.22151707394612352,cooling,40,67.58577942356442,283,Mico Layout,PARKING IN A MAIN ROAD,12.923188155737703,77.60997036065574
89618925c43ffff,0.46251988212839484,0.7518242651119162,rising,52,41.97526679826058,1028,Adugodi,NO PARKING,12.933766610769233,77.62314754923078
89618925c63ffff,0.23136018251267595,0.17170466794093442,rising,115,84.20818982378651,94,Adugodi,NO PARKING,12.93415619126984,77.61568904285714
89618925c67ffff,0.1854702445983402,-0.029322197111305126,rising,48,79.42759280320142,156,Adugodi,WRONG PARKING,12.933038489583334,77.61324174375
89618925c6bffff,0.10923158724161441,0.3813126596579899,rising,732,91.16691095113772,31,Adugodi,NO PARKING,12.936011521774194,77.61585163801843
89618925c6fffff,0.5036147584944427,1.2091254267929914,rising,228,92.95930916908546,17,Adugodi,NO PARKING,12.93491819453125,77.6126630671875
89618925c7bffff,0.42536652802941854,0.9423794604791766,rising,103,81.13709079612845,128,Adugodi,NO PARKING,12.934436243548388,77.61686556693547
89618925c8bffff,0.9445743380590498,2.37613891156676,rising,59,16.5545248171897,2493,Madiwala,NO PARKING,12.922553000371424,77.62264369847038
89618925c8fffff,0.5433861450636285,0.9463824329607238,rising,107,77.05961709975666,176,Madiwala,NO PARKING,12.92022796227606,77.62091531521847
89618925d07ffff,-0.41852008445407035,-0.9300275203679924,cooling,67,49.24454640667919,673,Jayanagara,WRONG PARKING,12.91691839826087,77.59531458695652
89618925d17ffff,-0.27596902862372963,-0.5750948133529579,cooling,43,74.22494291920052,198,Jayanagara,PARKING IN A MAIN ROAD,12.91689908852459,77.59683965737706
89618925d1bffff,0.8796078443904285,2.0471182340130736,rising,43,65.18709956905357,307,Mico Layout,NO PARKING,12.920482181395348,77.60053446744186
89618925d27ffff,0.45295213600577056,1.5542679421784844,rising,46,58.4223147726813,424,Jayanagara,WRONG PARKING,12.916868833333332,77.5859169375
89618925d7bffff,0.08580717939016175,-0.7760440777815716,stable,56,49.17472563638058,677,Jayanagara,PARKING IN A MAIN ROAD,12.927338608196722,77.59710771639344
89618925d97ffff,0.7509302299108784,1.3927057452372513,rising,525,88.76950930075729,50,Mico Layout,NO PARKING,12.908064980532446,77.60079472861896
89618925d9bffff,-0.8807664352763793,-0.8024860902331263,cooling,140,14.172277718383262,2512,Mico Layout,NO PARKING,12.91356228028169,77.60498396150236
89618925ddbffff,-0.09528002307630898,0.425690354484759,stable,55,82.5551132703161,115,Mico Layout,WRONG PARKING,12.920058251666669,77.61039378000001
89618925e87ffff,0.18948984715046627,-0.38832265131924404,rising,47,29.923402969775143,1747,Adugodi,NO PARKING,12.939913495744682,77.62528560851064
89618925e97ffff,0.08774303098252485,0.0028776563251273757,stable,114,35.57020915993682,1413,Adugodi,WRONG PARKING,12.937335489014554,77.62696894732149
89618925ea3ffff,0.6667229431785661,1.6238728475376405,rising,50,27.23355535241181,1876,Adugodi,WRONG PARKING,12.940219468656718,77.61997947611941
89618925eb7ffff,0.472031913914075,0.5865112537074013,rising,49,52.32084480628952,578,Adugodi,NO PARKING,12.937300567272729,77.61839982181817
89618925ebbffff,0.03573179291956056,-0.39850081787001923,stable,84,25.55810061234867,1949,Adugodi,NO PARKING,12.94222348962264,77.62227750188678
89618926217ffff,-0.48984487877352584,-0.7267206797955134,cooling,85,72.33588312783648,221,Electronic City,PARKING IN A MAIN ROAD,12.85537369018888,77.66425848164423
89618926387ffff,0.3774306025057033,0.47622140794834644,rising,628,36.461079487783465,1354,Electronic City,NO PARKING,12.842106926615244,77.64464745873397
89618926393ffff,-0.005697976232724062,0.37173269936486997,stable,94,44.45264672265149,896,Electronic City,WRONG PARKING,12.841104131451614,77.6494580782258
89618926397ffff,0.34117059292639706,0.1476964529653808,rising,889,43.357906389748,960,Electronic City,WRONG PARKING,12.841773765062388,77.646569121123
896189264d3ffff,-0.17217372380345417,-0.9206126155180991,cooling,54,77.39425841776487,171,Electronic City,PARKING IN A MAIN ROAD,12.819783003508771,77.68780519649123
89618926633ffff,-0.6134740087664152,-0.8685031999312453,cooling,70,83.86245044362803,97,Electronic City,PARKING IN A MAIN ROAD,12.841271856369602,77.67608765770659
896189266abffff,-0.05398591081828348,-0.8412563991290226,stable,323,62.76931362264237,352,Electronic City,NO PARKING,12.840286126927063,77.67703861750846
89618926b43ffff,0.44750502940706277,0.7630853703975553,rising,42,36.40454345261694,1357,Hulimavu,NO PARKING,12.857797681025874,77.58903799570157
8961892718fffff,-0.09913074674805905,-0.3946533587859863,stable,44,72.50824294656518,220,Electronic City,WRONG PARKING,12.875632094285711,77.67087175285715
89618927223ffff,-0.33409797745825764,0.130170252411975,cooling,43,48.9969795232548,683,Bellandur,NO PARKING,12.910214321621622,77.68603428378378
8961892728fffff,-0.692355968142422,-0.7187099704578053,cooling,80,47.08221430635471,772,Bellandur,WRONG PARKING,12.90682632875705,77.69658369115656
89618927313ffff,-0.19255659568991315,-0.4620456827912863,cooling,207,27.82569977071896,1857,Bellandur,NO PARKING,12.900452218900345,77.67551057938144
8961892734bffff,-0.27117745718223996,-0.7382618448918004,cooling,136,48.64523631509519,701,Bellandur,WRONG PARKING,12.913746583114548,77.67806672008925
8961892735bffff,-0.08415658235363845,-0.20594749153473435,stable,109,34.35852728947319,1485,Bellandur,NO PARKING,12.912447446327684,77.6809767960452
89618927387ffff,0.9540852260983428,2.4611041140424894,rising,66,40.56323209038876,1129,Electronic City,WRONG PARKING,12.895215496969698,77.67579007272728
8961892738fffff,-0.18884721094950888,-0.3710432518994097,cooling,222,37.2404999855586,1311,Bellandur,WRONG PARKING,12.898995080512464,77.67542197100597
89618927667ffff,-0.39524056842316424,-0.32692433757547523,cooling,99,47.54932812849872,756,Bellandur,WRONG PARKING,12.903560447951527,77.70419101062288
896189276c3ffff,0.22274730641064688,0.2679453664030109,rising,147,55.40472761225963,498,Whitefield,WRONG PARKING,12.896648908045975,77.72005069310345
8961892abbbffff,0.07739642916540836,-0.6988020791340762,stable,82,69.14887107244442,263,K.R. Pura,WRONG PARKING,13.054504351190475,77.76308787738095
8961892c82fffff,-0.4532003617072765,-0.6314104158028595,cooling,169,13.593308489533374,2516,Hebbala,NO PARKING,13.049289783139535,77.59332129069767
8961892c923ffff,0.5509586454876352,0.6743417480132885,rising,84,50.09052476534022,634,Kodigehalli,WRONG PARKING,13.03714519883721,77.57460028953489
8961892c953ffff,-0.6139592372509038,-0.8263748856241656,cooling,52,33.42093034300057,1546,Kodigehalli,WRONG PARKING,13.043012115299677,77.59048639680569
8961892c96fffff,0.445090292903996,0.7227301091339169,rising,604,28.89200808302903,1802,Kodigehalli,WRONG PARKING,13.04751083421342,77.57602286149616
8961892c98bffff,-0.09743137453383517,-0.11342872330772724,stable,948,13.99555941695771,2514,Hebbala,NO PARKING,13.034836374711528,77.58882809945916
8961892c997ffff,0.07527888534197666,-0.14808781227053203,stable,185,34.74811354008469,1457,R.T. Nagar,WRONG PARKING,13.0276234079602,77.58601708507462
8961892c9b7ffff,-0.12237421665805985,-0.06154618638969456,cooling,157,32.06262323625605,1643,Kodigehalli,WRONG PARKING,13.027248549356225,77.57811375879828
8961892c9c7ffff,0.16999592888545284,0.2805206985770028,rising,358,36.900078526152775,1327,Hebbala,WRONG PARKING,13.036345961783402,77.58929485541667
8961892c9cfffff,-0.04533624138101967,-0.34667331964642967,stable,146,41.927652262736814,1030,Kodigehalli,WRONG PARKING,13.040119645398772,77.5896568006135
8961892c9d7ffff,-0.04314003242703912,0.03081383669712401,stable,1509,17.462610317991725,2487,Hebbala,NO PARKING,13.035423428050173,77.58910265843787
8961892cb03ffff,-0.17200132388860653,-0.5477560489652316,cooling,138,63.09982133361881,344,Kodigehalli,WRONG PARKING,13.061072910526317,77.587364125
8961892cb0bffff,0.17930211330069562,0.15085177542114936,rising,286,43.07317401674951,973,Kodigehalli,WRONG PARKING,13.06360509132948,77.58785423612717
8961892cb13ffff,0.039945815632636286,0.050193074927464165,stable,103,45.65710078574089,843,Kodigehalli,WRONG PARKING,13.058425551884172,77.59139253092366
8961892cb1bffff,-0.12774373684415577,-0.30826883255832715,cooling,75,53.37948018312895,548,Kodigehalli,WRONG PARKING,13.063196781927711,77.59112252409639
8961892cb27ffff,0.4884553497708751,0.650779315408101,rising,85,42.36129480975619,1005,Kodigehalli,WRONG PARKING,13.060033005580864,77.57658471620857
8961892cb43ffff,-0.3241944235653553,-0.5683285157170546,cooling,145,46.708137394765,788,Kodigehalli,WRONG PARKING,13.068697296990395,77.59266236495226
8961892cb4bffff,-0.049430560589511584,-0.1598267349559499,stable,296,46.886624412575536,781,Kodigehalli,WRONG PARKING,13.07155345027933,77.59257436340782
8961892cb4fffff,0.10061434054069873,-0.07036777225626278,rising,1034,45.65003436071226,845,Kodigehalli,WRONG PARKING,13.071134753108591,77.58825705440213
8961892cb57ffff,0.490756652629251,1.1638529825602708,rising,111,37.90937939630302,1272,Kodigehalli,WRONG PARKING,13.06362488372093,77.59084773023255
8961892cb7bffff,0.19867192511748977,0.16499506922886775,rising,1158,46.05386075565894,824,Kodigehalli,WRONG PARKING,13.070326850995732,77.58745800327169
8961892cb8bffff,-0.2517667401517448,-0.59483261646686,cooling,56,44.87367766801773,882,Kodigehalli,WRONG PARKING,13.057597907107995,77.59262489412365
8961892cb93ffff,-0.20503967124497172,-0.4475323647669708,cooling,235,26.810912277630123,1889,Kodigehalli,WRONG PARKING,13.050502877902622,77.59307854119851
8961892cbc7ffff,0.07659911821376955,-0.384306809317964,stable,124,41.77115112405201,1040,Kodigehalli,WRONG PARKING,13.058680489002889,77.5930065769942
8961892cbcfffff,-0.036335794902381084,-0.24959269534295647,stable,108,46.54906374450283,794,Kodigehalli,WRONG PARKING,13.062747825,77.59254347105264
8961892cc1bffff,0.3283396337561397,1.368905280197613,rising,54,13.55464135035994,2518,K.G. Halli,NO PARKING,13.031957642857142,77.62354723928571
8961892cc43ffff,-0.493820983429256,-0.8625077590079285,cooling,66,24.105449107945333,2096,K.G. Halli,NO PARKING,13.037425207959682,77.62532304333334
8961892cc57ffff,-0.2918639570026966,-0.38208393824316234,cooling,349,13.12156053432929,2521,K.G. Halli,NO PARKING,13.03483597533512,77.62447190214478
8961892cd23ffff,-0.9389913872751116,-1.0,cooling,101,45.16239155583167,871,R.T. Nagar,WRONG PARKING,13.0234102990099,77.59241841782179
8961892cd33ffff,-1.0821792260062792,-0.9018782580296559,cooling,187,36.00058003099175,1383,R.T. Nagar,WRONG PARKING,13.02129414920635,77.59260451693122
8961892cd3bffff,-1.0552662316458348,-0.9498293801282586,cooling,183,33.60638968907907,1534,R.T. Nagar,WRONG PARKING,13.024355706878309,77.59331914285715
8961892cdafffff,-1.0757855810251307,-1.0,cooling,78,15.446769393563372,2499,R.T. Nagar,WRONG PARKING,13.01817663797468,77.59203077341772
8961892da23ffff,-0.3370856351222008,-0.5755226435555966,cooling,158,53.872598036004845,536,Yelahanka,NO PARKING,13.121489257524273,77.63116955121359
8961892da2bffff,-0.24345627310923315,-0.5017315310280636,cooling,53,71.7659823154912,225,Chikkajala,NO PARKING,13.12229123235294,77.63082122058825
8961892dd8bffff,-1.0412636483879676,-0.9459343795404079,cooling,85,83.3142741364897,103,Hennuru,NO PARKING,13.071699309,77.63380811500001
8961892e00bffff,0.29104050205027054,-0.1968490832376245,rising,205,46.37134622608455,802,Mahadevapura,WRONG PARKING,12.996415331564698,77.69325341568079
8961892e01bffff,-0.059007100915795516,0.40414062133418116,stable,412,89.98425403754973,41,Mahadevapura,NO PARKING,12.995477173478308,77.69541439144045
8961892e057ffff,0.08186246998704434,0.19090751048996824,stable,146,82.7972230989298,112,Mahadevapura,NO PARKING,12.99596024741072,77.69473772500797
8961892e063ffff,0.29625253733926904,0.00251858370315583,rising,54,45.29048329394023,861,Mahadevapura,WRONG PARKING,12.999473514227793,77.68754852408526
8961892e073ffff,0.49100403275932747,0.5834160605351273,rising,47,34.84166651316061,1454,Mahadevapura,WRONG PARKING,12.998236449181691,77.6891274849126
8961892e0cfffff,0.007204400526272967,0.22064183179554497,stable,528,88.68182090290956,54,Mahadevapura,NO PARKING,12.99519819466644,77.69697424073881
8961892e167ffff,0.722403680328396,1.3877112951758277,rising,131,38.33070350333252,1244,Banaswadi,NO PARKING,12.993416589309208,77.66342666896229
8961892e16bffff,0.21255478301928735,0.40893545750365323,rising,1076,89.99333592605258,40,Mahadevapura,PARKING IN A MAIN ROAD,12.996057936999968,77.6681954762887
8961892e16fffff,0.6650852178398194,1.0137723500763833,rising,294,46.948855824605324,778,Banaswadi,WRONG PARKING,12.994065666873066,77.66329733993808
8961892e213ffff,-0.47258407831067867,-0.3955372406508061,cooling,44,58.80025646740158,418,K.R. Pura,NO PARKING,13.01277832,77.69919823777778
8961892e287ffff,0.8238841653633134,1.7318063472566032,rising,91,38.12449062226524,1254,K.R. Pura,PARKING IN A MAIN ROAD,13.007771386524825,77.69696726595745
8961892e28fffff,-0.2658905703628391,-0.2907600947359825,cooling,360,84.6355065731791,90,K.R. Pura,PARKING IN A MAIN ROAD,13.010215706658933,77.69743873842228
8961892e2a3ffff,0.510334202365282,1.0825419130491531,rising,253,37.87524775037216,1276,K.R. Pura,WRONG PARKING,13.008478649355933,77.69294254616949
8961892e2a7ffff,-0.6609160179264183,-0.6316104241265863,cooling,74,24.28111779828268,2067,K.R. Pura,WRONG PARKING,13.006995896470588,77.6882511482353
8961892e2bbffff,0.1797515752753072,0.2715581873381543,rising,2664,46.55892823465426,793,K.R. Pura,WRONG PARKING,13.008266951430317,77.69522833572458
8961892e383ffff,0.16011078421310054,0.6415438713542894,rising,191,31.93759874440255,1650,Mahadevapura,PARKING IN A MAIN ROAD,13.000381898826648,77.67790889425292
8961892e387ffff,0.012013096762359564,0.031146848224815615,stable,1712,49.99954306382104,640,Banaswadi,NO PARKING,13.000342920858488,77.67682583389077
8961892e3b3ffff,0.2661563776877034,0.5736395804137848,rising,41,30.92757045283244,1698,Banaswadi,WRONG PARKING,12.998832834,77.672901728
8961892e3b7ffff,0.044529641028175235,0.004090493518930538,stable,529,78.73542203860289,162,Mahadevapura,PARKING IN A MAIN ROAD,12.996722452990907,77.66935016452817
8961892e3d3ffff,-0.3616892692253253,-0.4675399283945928,cooling,907,56.918196656408135,457,K.R. Pura,WRONG PARKING,13.005691039545782,77.68578480170845
8961892e3d7ffff,-0.5124208391528017,-1.0,cooling,61,55.42363306793192,496,K.R. Pura,WRONG PARKING,13.004846383076924,77.68428441692308
8961892e413ffff,-0.5106942685485182,-0.962062209193454,cooling,120,14.947327086838394,2508,Mahadevapura,WRONG PARKING,12.975271699166663,77.71074352416667
8961892e427ffff,-0.6000114924578527,-0.717415865577949,cooling,48,41.51128168557662,1060,Mahadevapura,WRONG PARKING,12.977232550497432,77.69673743492713
8961892e483ffff,0.20702956366513223,0.14168636894644826,rising,459,32.22383380243308,1636,HAL Old Airport,WRONG PARKING,12.971115990465284,77.71219162036172
8961892e48fffff,-0.28739328217485066,-0.6720885134234922,cooling,245,47.85245325036547,736,Mahadevapura,WRONG PARKING,12.97250579271255,77.71124534048583
8961892e493ffff,-0.2223577124870331,-0.31778684318380956,cooling,84,32.1047479735287,1641,HAL Old Airport,WRONG PARKING,12.967438129761904,77.71503395952381
8961892e4a7ffff,0.21562099722056688,-0.06214193952202929,rising,113,88.84706969228198,49,HAL Old Airport,PARKING IN A MAIN ROAD,12.96902032118644,77.70090217118644
8961892e4c7ffff,-0.2766997968346625,-0.7363317452061866,cooling,53,46.46789003741226,797,Mahadevapura,PARKING IN A MAIN ROAD,12.977852256603772,77.71324649245284
8961892e55bffff,0.09358640610013041,0.39481137867546345,stable,429,56.85749854269214,458,Mahadevapura,PARKING IN A MAIN ROAD,12.979214918177105,77.69507131855171
8961892e683ffff,-0.1255063217135211,0.3041942643077753,cooling,61,46.19937183889406,811,Mahadevapura,WRONG PARKING,12.993071576623375,77.71708385324675
8961892e6cbffff,-0.2020219621319748,-0.8913508547756769,cooling,123,28.189967843032232,1843,K.R. Pura,PARKING IN A MAIN ROAD,13.003460990972222,77.72348083125
8961892e867ffff,0.5079952460042112,-0.07742686979201507,rising,170,16.026238993456726,2496,Pulikeshinagar(F.Town),NO PARKING,12.99939583448276,77.62493834367815
8961892e87bffff,-0.19002618976630767,-0.5812673629981928,cooling,44,36.86653642150085,1330,Banaswadi,NO PARKING,13.001898736827773,77.63227153624838
8961892e893ffff,0.8085785914740052,1.9627143886562703,rising,46,29.203086661052176,1789,Jeevanbheemanagar,WRONG PARKING,12.983624063791526,77.64030087405685
8961892e907ffff,0.048764649605216204,0.12224647914900544,stable,321,64.15422868003247,322,Shivajinagar,WRONG PARKING,12.983821890458016,77.60846949064886
8961892e90bffff,-0.4202733561135387,-0.20888715600869512,cooling,102,16.812200308915365,2491,Pulikeshinagar(F.Town),NO PARKING,12.99019314854369,77.61225721067962
8961892e90fffff,0.6679453230295096,1.552330578069557,rising,79,29.46192715615578,1777,Pulikeshinagar(F.Town),NO PARKING,12.98832412736842,77.60891068105263
8961892e913ffff,0.47051452091875845,1.5936631264038046,rising,86,40.55000345848946,1131,Pulikeshinagar(F.Town),NO PARKING,12.983247186805556,77.61338399166667
8961892e917ffff,0.1866738582798512,0.35131172242944775,rising,3389,77.47315499267432,169,Shivajinagar,WRONG PARKING,12.98227253978252,77.61064010486254
8961892e923ffff,-0.10257260779356324,-0.1005530243445073,cooling,556,92.51813063430114,19,Shivajinagar,WRONG PARKING,12.984545441531177,77.60317129133374
8961892e927ffff,0.2935631285937442,0.6790840116409296,rising,114,89.9337022181769,42,Shivajinagar,WRONG PARKING,12.984546852857145,77.60130734714286
8961892e92bffff,0.4890813473077362,0.7739699826961861,rising,91,23.840797117091387,2111,Shivajinagar,NO PARKING,12.989156755,77.60309759900001
8961892e933ffff,0.23705325020201798,0.3932709423257832,rising,881,80.30889797377034,143,Shivajinagar,WRONG PARKING,12.983883998171995,77.60533003196721
8961892e937ffff,-0.017112755732586336,0.03579214959652299,stable,2460,93.76781242591936,13,Shivajinagar,WRONG PARKING,12.983854847842013,77.60335562822718
8961892e93bffff,-0.16743112900538137,-0.08004622783018034,cooling,102,43.4713726588804,955,Shivajinagar,WRONG PARKING,12.98573182057865,77.60549796044435
8961892e943ffff,0.24200419291581388,0.6663179782505491,rising,147,26.645570425656096,1900,Pulikeshinagar(F.Town),NO PARKING,12.994521117857143,77.61559555892856
8961892e947ffff,-0.07595955514997191,-0.3136364330719844,stable,95,24.52726682074304,2028,Pulikeshinagar(F.Town),NO PARKING,12.992042391578948,77.61207913263158
8961892e94bffff,-0.34796401047422765,-0.3316903351699688,cooling,125,32.247473952053426,1632,Pulikeshinagar(F.Town),NO PARKING,12.996003702222222,77.61679766962963
8961892e94fffff,-0.021882195234604447,-0.2080008872166602,stable,704,12.450601231849465,2523,Pulikeshinagar(F.Town),NO PARKING,12.99574346337543,77.61376016544202
8961892e963ffff,-0.1298525803591791,-0.6589737264737887,cooling,103,46.19566932351113,812,Pulikeshinagar(F.Town),NO PARKING,12.99360561355932,77.60792262033898
8961892e97bffff,-0.16057469788936943,-0.4850607541576394,cooling,323,13.32489921243517,2520,Pulikeshinagar(F.Town),WRONG PARKING,12.994634577037038,77.61027979901235
8961892e98bffff,-0.19739195953601085,0.08244530774980108,cooling,45,30.624222443860056,1714,Halasur,NO PARKING,12.981310824137932,77.61550093103448
8961892e98fffff,-0.054733215702284004,-0.0955522164726399,stable,819,38.13609538427153,1252,Shivajinagar,NO PARKING,12.980576400561796,77.61346126844569
8961892e993ffff,0.4383666879075208,1.0360845029431065,rising,41,20.16611212363381,2451,Halasur,NO PARKING,12.975568045238097,77.61807879047619
8961892e997ffff,-0.09506465100765299,-0.2678997332205172,stable,369,19.07557253964841,2467,Halasur,NO PARKING,12.974003050535332,77.61471757473234
8961892e9a3ffff,0.060034439425737184,0.14642745298517412,stable,1123,94.1135625610415,11,Shivajinagar,NO PARKING,12.97962000577045,77.60710223500317
8961892e9abffff,0.05702432133705512,0.0848438427757432,stable,4805,96.86478876465114,1,Shivajinagar,WRONG PARKING,12.9816770912326,77.60784972772278
8961892e9afffff,0.14480690340854943,0.1741652084542311,rising,533,93.66285196181128,14,Shivajinagar,WRONG PARKING,12.980879838559863,77.60459825197239
8961892e9b7ffff,-0.2317723881224033,-0.5380731631628536,cooling,302,71.32957017955542,236,Cubbon Park,WRONG PARKING,12.974663216606029,77.60740227600533
8961892e9bbffff,0.07709939035501322,0.08133377042988155,stable,3359,96.69358204942948,2,Shivajinagar,WRONG PARKING,12.980889347426457,77.61016753457861
8961892e9c3ffff,0.08011511129706024,0.2654518708614333,stable,86,50.96819074449189,615,Pulikeshinagar(F.Town),NO PARKING,12.986970430305092,77.61943270479881
8961892e9cfffff,0.22911545144238676,0.8929078682876155,rising,86,25.24587993136426,1964,Pulikeshinagar(F.Town),NO PARKING,12.987853482608696,77.61801763913044
8961892ea47ffff,-0.24774947478556328,-0.7747700691684782,cooling,175,47.31345081481581,765,Banaswadi,WRONG PARKING,13.022341323025373,77.63844185811287
8961892eb83ffff,0.5765623583352157,1.2598577882098332,rising,52,40.615950267745546,1124,Pulikeshinagar(F.Town),NO PARKING,13.00030943448276,77.62040654482759
8961892eb87ffff,-0.1582058667156131,-0.6175883032212222,cooling,47,32.658552318228246,1605,Pulikeshinagar(F.Town),WRONG PARKING,13.00004094137931,77.6169612275862
8961892eba3ffff,-0.17068122212214007,-0.24377475348753763,cooling,593,25.333682610359137,1960,Pulikeshinagar(F.Town),NO PARKING,13.00032311346154,77.6113201081361
8961892ebb3ffff,0.5465403954048283,0.88272511966187,rising,77,9.123395547740628,2531,Pulikeshinagar(F.Town),NO PARKING,12.997433723404257,77.61435548829787
8961892ebb7ffff,-0.09338999356340882,-0.30450491226015364,stable,194,18.8493624475123,2475,Pulikeshinagar(F.Town),WRONG PARKING,12.9971686956,77.6108147684
8961892ebbbffff,-0.27159676062072563,-0.7201152554626145,cooling,65,42.40266385557084,1003,Pulikeshinagar(F.Town),WRONG PARKING,13.001084755882353,77.61490075588235
8961892ec1bffff,0.02581500992473644,-0.7253235639723237,stable,94,21.12776292980837,2400,Banaswadi,NO PARKING,12.979870086170214,77.65244293297873
8961892ec23ffff,-0.30518333658547764,-0.09225685560550734,cooling,259,62.4080211862464,360,Jeevanbheemanagar,NO PARKING,12.978402199516434,77.64065836239376
8961892ec27ffff,0.02023096165368384,0.5186035971021155,stable,202,70.68711716223706,247,Jeevanbheemanagar,NO PARKING,12.97807081705069,77.6385422373272
8961892ec2bffff,-0.34786759420872826,-1.0,cooling,61,58.344127735558246,427,Jeevanbheemanagar,PARKING IN A MAIN ROAD,12.981288276738344,77.64070544816893
8961892ec3bffff,-0.3340429224636107,-0.6969195318435966,cooling,45,31.83013123293283,1653,Jeevanbheemanagar,NO PARKING,12.979137202173913,77.6439183673913
8961892ec87ffff,-0.5297212118644726,-0.7909644220961147,cooling,65,46.94433624384921,779,Jeevanbheemanagar,PARKING IN A MAIN ROAD,12.968494172115385,77.65002909711538
8961892ec9bffff,-0.3007640287082335,-0.35680164500406153,cooling,1048,38.084656717058245,1261,Jeevanbheemanagar,NO PARKING,12.971754926402232,77.65805436940182
8961892eca3ffff,-0.2345285667014566,0.03357328465236398,cooling,335,78.65731593011229,164,Jeevanbheemanagar,NO PARKING,12.970376656964726,77.64547555843713
8961892eca7ffff,-0.014829071660368605,-0.08593932374749713,stable,516,48.595925035237386,707,Jeevanbheemanagar,NO PARKING,12.969621295839772,77.64139877461123
8961892ecb3ffff,-0.6501034121994761,-0.5525441080104685,cooling,170,82.96294586019917,108,Jeevanbheemanagar,NO PARKING,12.96949948650454,77.64773326489615
8961892ecbbffff,-0.2799625917309281,-0.5026551996497919,cooling,384,92.31230445041712,24,Jeevanbheemanagar,PARKING IN A MAIN ROAD,12.971125029195957,77.64738325170676
8961892ed0fffff,-0.32147505486449446,-0.4968037112289959,cooling,131,23.76040364486872,2132,Halasur,NO PARKING,12.97293686571221,77.62596582917045
8961892ed23ffff,0.09978706712996745,0.06838715308134624,stable,196,30.70034971844457,1710,Halasur,WRONG PARKING,12.971463880658174,77.61863621356522
8961892ed2bffff,-0.09149192639925623,-0.25162781599689366,stable,363,45.92551345758567,834,Halasur,NO PARKING,12.974058716030656,77.62039116897783
8961892ed2fffff,-0.0925844571616101,0.133932099086415,stable,409,22.26486020415297,2290,Halasur,NO PARKING,12.97269924440367,77.61717765339449
8961892ed3bffff,-0.09890984480396298,-0.03648887917739696,stable,128,21.77936111545855,2326,Halasur,NO PARKING,12.973379215492958,77.62243623028169
8961892ed47ffff,-0.15820165900525612,-0.36837536219376277,cooling,127,92.43317998725736,21,Jeevanbheemanagar,WRONG PARKING,12.978244654189943,77.62867716871509
8961892ed4fffff,0.30682774259594003,0.3844534513173119,rising,114,89.09718242221962,48,Halasur,PARKING IN A MAIN ROAD,12.980475923873708,77.62972853869468
8961892ed73ffff,-0.18372000521466925,-0.628998147394594,cooling,92,88.21640490440555,57,Halasur,PARKING IN A MAIN ROAD,12.976016668216603,77.62625013407643
8961892ed77ffff,-0.34412955050809035,-0.6444420724689655,cooling,312,19.32428903416077,2465,Halasur,NO PARKING,12.974035872856591,77.62343012469472
8961892ed93ffff,0.11650324731088946,0.38139490376215357,rising,71,66.23446063354689,296,Halasur,NO PARKING,12.961315758799383,77.63553526073957
8961892edc3ffff,-0.3783721274562236,-0.5513955840817331,cooling,98,29.437696292982807,1781,Jeevanbheemanagar,NO PARKING,12.969975256390978,77.6367517075188
8961892edd3ffff,-0.239545410039288,-0.2530243603692749,cooling,152,50.02704355478571,637,Jeevanbheemanagar,NO PARKING,12.970058645868615,77.63898992171202
8961892ee9bffff,0.14941764615220063,0.30056875887966283,rising,336,13.438453810536844,2519,Banaswadi,NO PARKING,12.993353748241208,77.66191638467336
8961892eeb3ffff,-0.6855920988004397,-0.699239398427856,cooling,138,77.02568859514417,177,Banaswadi,PARKING IN A MAIN ROAD,12.991776532903224,77.65229556580645
8961892f473ffff,-0.13143786540903832,-0.19012257840334756,cooling,44,47.044886670834295,774,K.R. Pura,WRONG PARKING,13.035967348888889,77.73630242888889
8961892f537ffff,0.3013043261893486,0.3921680281545563,rising,42,37.74863625715714,1280,K.R. Pura,WRONG PARKING,13.019392811847355,77.70867760864864
8961892f557ffff,-0.5176331427429038,-0.7122522163766948,cooling,47,44.75310764698328,885,K.R. Pura,NO PARKING,13.026393524,77.720611066
8961892f69bffff,-0.20982208389587015,-0.22384451424248597,cooling,181,66.24917032277044,295,K.R. Pura,NO PARKING,13.04588733318182,77.75034258772727
89618934a6bffff,-0.5556906851707387,-1.0,cooling,67,59.18617612236587,411,Electronic City,WRONG PARKING,12.818081794285714,77.68940061
896189359a7ffff,-0.7075599664716985,-0.8870046583196275,cooling,81,57.6852734921238,439,Electronic City,WRONG PARKING,12.81870101263158,77.6891791031579
